bits_1_11,note_count,notes
0,1,C
1,2,C D笙ｭ
2,2,C D
3,3,C D笙ｭ D
4,2,C E笙ｭ
5,3,C D笙ｭ E笙ｭ
6,3,C D E笙ｭ
7,4,C D笙ｭ D E笙ｭ
8,2,C E
9,3,C D笙ｭ E
10,3,C D E
11,4,C D笙ｭ D E
12,3,C E笙ｭ E
13,4,C D笙ｭ E笙ｭ E
14,4,C D E笙ｭ E
15,5,C D笙ｭ D E笙ｭ E
16,2,C F
17,3,C D笙ｭ F
18,3,C D F
19,4,C D笙ｭ D F
20,3,C E笙ｭ F
21,4,C D笙ｭ E笙ｭ F
22,4,C D E笙ｭ F
23,5,C D笙ｭ D E笙ｭ F
24,3,C E F
25,4,C D笙ｭ E F
26,4,C D E F
27,5,C D笙ｭ D E F
28,4,C E笙ｭ E F
29,5,C D笙ｭ E笙ｭ E F
30,5,C D E笙ｭ E F
31,6,C D笙ｭ D E笙ｭ E F
32,2,C F笙ｯ
33,3,C D笙ｭ F笙ｯ
34,3,C D F笙ｯ
35,4,C D笙ｭ D F笙ｯ
36,3,C E笙ｭ F笙ｯ
37,4,C D笙ｭ E笙ｭ F笙ｯ
38,4,C D E笙ｭ F笙ｯ
39,5,C D笙ｭ D E笙ｭ F笙ｯ
40,3,C E F笙ｯ
41,4,C D笙ｭ E F笙ｯ
42,4,C D E F笙ｯ
43,5,C D笙ｭ D E F笙ｯ
44,4,C E笙ｭ E F笙ｯ
45,5,C D笙ｭ E笙ｭ E F笙ｯ
46,5,C D E笙ｭ E F笙ｯ
47,6,C D笙ｭ D E笙ｭ E F笙ｯ
48,3,C F F笙ｯ
49,4,C D笙ｭ F F笙ｯ
50,4,C D F F笙ｯ
51,5,C D笙ｭ D F F笙ｯ
52,4,C E笙ｭ F F笙ｯ
53,5,C D笙ｭ E笙ｭ F F笙ｯ
54,5,C D E笙ｭ F F笙ｯ
55,6,C D笙ｭ D E笙ｭ F F笙ｯ
56,4,C E F F笙ｯ
57,5,C D笙ｭ E F F笙ｯ
58,5,C D E F F笙ｯ
59,6,C D笙ｭ D E F F笙ｯ
60,5,C E笙ｭ E F F笙ｯ
61,6,C D笙ｭ E笙ｭ E F F笙ｯ
62,6,C D E笙ｭ E F F笙ｯ
63,7,C D笙ｭ D E笙ｭ E F F笙ｯ
64,2,C G
65,3,C D笙ｭ G
66,3,C D G
67,4,C D笙ｭ D G
68,3,C E笙ｭ G
69,4,C D笙ｭ E笙ｭ G
70,4,C D E笙ｭ G
71,5,C D笙ｭ D E笙ｭ G
72,3,C E G
73,4,C D笙ｭ E G
74,4,C D E G
75,5,C D笙ｭ D E G
76,4,C E笙ｭ E G
77,5,C D笙ｭ E笙ｭ E G
78,5,C D E笙ｭ E G
79,6,C D笙ｭ D E笙ｭ E G
80,3,C F G
81,4,C D笙ｭ F G
82,4,C D F G
83,5,C D笙ｭ D F G
84,4,C E笙ｭ F G
85,5,C D笙ｭ E笙ｭ F G
86,5,C D E笙ｭ F G
87,6,C D笙ｭ D E笙ｭ F G
88,4,C E F G
89,5,C D笙ｭ E F G
90,5,C D E F G
91,6,C D笙ｭ D E F G
92,5,C E笙ｭ E F G
93,6,C D笙ｭ E笙ｭ E F G
94,6,C D E笙ｭ E F G
95,7,C D笙ｭ D E笙ｭ E F G
96,3,C F笙ｯ G
97,4,C D笙ｭ F笙ｯ G
98,4,C D F笙ｯ G
99,5,C D笙ｭ D F笙ｯ G
100,4,C E笙ｭ F笙ｯ G
101,5,C D笙ｭ E笙ｭ F笙ｯ G
102,5,C D E笙ｭ F笙ｯ G
103,6,C D笙ｭ D E笙ｭ F笙ｯ G
104,4,C E F笙ｯ G
105,5,C D笙ｭ E F笙ｯ G
106,5,C D E F笙ｯ G
107,6,C D笙ｭ D E F笙ｯ G
108,5,C E笙ｭ E F笙ｯ G
109,6,C D笙ｭ E笙ｭ E F笙ｯ G
110,6,C D E笙ｭ E F笙ｯ G
111,7,C D笙ｭ D E笙ｭ E F笙ｯ G
112,4,C F F笙ｯ G
113,5,C D笙ｭ F F笙ｯ G
114,5,C D F F笙ｯ G
115,6,C D笙ｭ D F F笙ｯ G
116,5,C E笙ｭ F F笙ｯ G
117,6,C D笙ｭ E笙ｭ F F笙ｯ G
118,6,C D E笙ｭ F F笙ｯ G
119,7,C D笙ｭ D E笙ｭ F F笙ｯ G
120,5,C E F F笙ｯ G
121,6,C D笙ｭ E F F笙ｯ G
122,6,C D E F F笙ｯ G
123,7,C D笙ｭ D E F F笙ｯ G
124,6,C E笙ｭ E F F笙ｯ G
125,7,C D笙ｭ E笙ｭ E F F笙ｯ G
126,7,C D E笙ｭ E F F笙ｯ G
127,8,C D笙ｭ D E笙ｭ E F F笙ｯ G
128,2,C A笙ｭ
129,3,C D笙ｭ A笙ｭ
130,3,C D A笙ｭ
131,4,C D笙ｭ D A笙ｭ
132,3,C E笙ｭ A笙ｭ
133,4,C D笙ｭ E笙ｭ A笙ｭ
134,4,C D E笙ｭ A笙ｭ
135,5,C D笙ｭ D E笙ｭ A笙ｭ
136,3,C E A笙ｭ
137,4,C D笙ｭ E A笙ｭ
138,4,C D E A笙ｭ
139,5,C D笙ｭ D E A笙ｭ
140,4,C E笙ｭ E A笙ｭ
141,5,C D笙ｭ E笙ｭ E A笙ｭ
142,5,C D E笙ｭ E A笙ｭ
143,6,C D笙ｭ D E笙ｭ E A笙ｭ
144,3,C F A笙ｭ
145,4,C D笙ｭ F A笙ｭ
146,4,C D F A笙ｭ
147,5,C D笙ｭ D F A笙ｭ
148,4,C E笙ｭ F A笙ｭ
149,5,C D笙ｭ E笙ｭ F A笙ｭ
150,5,C D E笙ｭ F A笙ｭ
151,6,C D笙ｭ D E笙ｭ F A笙ｭ
152,4,C E F A笙ｭ
153,5,C D笙ｭ E F A笙ｭ
154,5,C D E F A笙ｭ
155,6,C D笙ｭ D E F A笙ｭ
156,5,C E笙ｭ E F A笙ｭ
157,6,C D笙ｭ E笙ｭ E F A笙ｭ
158,6,C D E笙ｭ E F A笙ｭ
159,7,C D笙ｭ D E笙ｭ E F A笙ｭ
160,3,C F笙ｯ A笙ｭ
161,4,C D笙ｭ F笙ｯ A笙ｭ
162,4,C D F笙ｯ A笙ｭ
163,5,C D笙ｭ D F笙ｯ A笙ｭ
164,4,C E笙ｭ F笙ｯ A笙ｭ
165,5,C D笙ｭ E笙ｭ F笙ｯ A笙ｭ
166,5,C D E笙ｭ F笙ｯ A笙ｭ
167,6,C D笙ｭ D E笙ｭ F笙ｯ A笙ｭ
168,4,C E F笙ｯ A笙ｭ
169,5,C D笙ｭ E F笙ｯ A笙ｭ
170,5,C D E F笙ｯ A笙ｭ
171,6,C D笙ｭ D E F笙ｯ A笙ｭ
172,5,C E笙ｭ E F笙ｯ A笙ｭ
173,6,C D笙ｭ E笙ｭ E F笙ｯ A笙ｭ
174,6,C D E笙ｭ E F笙ｯ A笙ｭ
175,7,C D笙ｭ D E笙ｭ E F笙ｯ A笙ｭ
176,4,C F F笙ｯ A笙ｭ
177,5,C D笙ｭ F F笙ｯ A笙ｭ
178,5,C D F F笙ｯ A笙ｭ
179,6,C D笙ｭ D F F笙ｯ A笙ｭ
180,5,C E笙ｭ F F笙ｯ A笙ｭ
181,6,C D笙ｭ E笙ｭ F F笙ｯ A笙ｭ
182,6,C D E笙ｭ F F笙ｯ A笙ｭ
183,7,C D笙ｭ D E笙ｭ F F笙ｯ A笙ｭ
184,5,C E F F笙ｯ A笙ｭ
185,6,C D笙ｭ E F F笙ｯ A笙ｭ
186,6,C D E F F笙ｯ A笙ｭ
187,7,C D笙ｭ D E F F笙ｯ A笙ｭ
188,6,C E笙ｭ E F F笙ｯ A笙ｭ
189,7,C D笙ｭ E笙ｭ E F F笙ｯ A笙ｭ
190,7,C D E笙ｭ E F F笙ｯ A笙ｭ
191,8,C D笙ｭ D E笙ｭ E F F笙ｯ A笙ｭ
192,3,C G A笙ｭ
193,4,C D笙ｭ G A笙ｭ
194,4,C D G A笙ｭ
195,5,C D笙ｭ D G A笙ｭ
196,4,C E笙ｭ G A笙ｭ
197,5,C D笙ｭ E笙ｭ G A笙ｭ
198,5,C D E笙ｭ G A笙ｭ
199,6,C D笙ｭ D E笙ｭ G A笙ｭ
200,4,C E G A笙ｭ
201,5,C D笙ｭ E G A笙ｭ
202,5,C D E G A笙ｭ
203,6,C D笙ｭ D E G A笙ｭ
204,5,C E笙ｭ E G A笙ｭ
205,6,C D笙ｭ E笙ｭ E G A笙ｭ
206,6,C D E笙ｭ E G A笙ｭ
207,7,C D笙ｭ D E笙ｭ E G A笙ｭ
208,4,C F G A笙ｭ
209,5,C D笙ｭ F G A笙ｭ
210,5,C D F G A笙ｭ
211,6,C D笙ｭ D F G A笙ｭ
212,5,C E笙ｭ F G A笙ｭ
213,6,C D笙ｭ E笙ｭ F G A笙ｭ
214,6,C D E笙ｭ F G A笙ｭ
215,7,C D笙ｭ D E笙ｭ F G A笙ｭ
216,5,C E F G A笙ｭ
217,6,C D笙ｭ E F G A笙ｭ
218,6,C D E F G A笙ｭ
219,7,C D笙ｭ D E F G A笙ｭ
220,6,C E笙ｭ E F G A笙ｭ
221,7,C D笙ｭ E笙ｭ E F G A笙ｭ
222,7,C D E笙ｭ E F G A笙ｭ
223,8,C D笙ｭ D E笙ｭ E F G A笙ｭ
224,4,C F笙ｯ G A笙ｭ
225,5,C D笙ｭ F笙ｯ G A笙ｭ
226,5,C D F笙ｯ G A笙ｭ
227,6,C D笙ｭ D F笙ｯ G A笙ｭ
228,5,C E笙ｭ F笙ｯ G A笙ｭ
229,6,C D笙ｭ E笙ｭ F笙ｯ G A笙ｭ
230,6,C D E笙ｭ F笙ｯ G A笙ｭ
231,7,C D笙ｭ D E笙ｭ F笙ｯ G A笙ｭ
232,5,C E F笙ｯ G A笙ｭ
233,6,C D笙ｭ E F笙ｯ G A笙ｭ
234,6,C D E F笙ｯ G A笙ｭ
235,7,C D笙ｭ D E F笙ｯ G A笙ｭ
236,6,C E笙ｭ E F笙ｯ G A笙ｭ
237,7,C D笙ｭ E笙ｭ E F笙ｯ G A笙ｭ
238,7,C D E笙ｭ E F笙ｯ G A笙ｭ
239,8,C D笙ｭ D E笙ｭ E F笙ｯ G A笙ｭ
240,5,C F F笙ｯ G A笙ｭ
241,6,C D笙ｭ F F笙ｯ G A笙ｭ
242,6,C D F F笙ｯ G A笙ｭ
243,7,C D笙ｭ D F F笙ｯ G A笙ｭ
244,6,C E笙ｭ F F笙ｯ G A笙ｭ
245,7,C D笙ｭ E笙ｭ F F笙ｯ G A笙ｭ
246,7,C D E笙ｭ F F笙ｯ G A笙ｭ
247,8,C D笙ｭ D E笙ｭ F F笙ｯ G A笙ｭ
248,6,C E F F笙ｯ G A笙ｭ
249,7,C D笙ｭ E F F笙ｯ G A笙ｭ
250,7,C D E F F笙ｯ G A笙ｭ
251,8,C D笙ｭ D E F F笙ｯ G A笙ｭ
252,7,C E笙ｭ E F F笙ｯ G A笙ｭ
253,8,C D笙ｭ E笙ｭ E F F笙ｯ G A笙ｭ
254,8,C D E笙ｭ E F F笙ｯ G A笙ｭ
255,9,C D笙ｭ D E笙ｭ E F F笙ｯ G A笙ｭ
256,2,C A
257,3,C D笙ｭ A
258,3,C D A
259,4,C D笙ｭ D A
260,3,C E笙ｭ A
261,4,C D笙ｭ E笙ｭ A
262,4,C D E笙ｭ A
263,5,C D笙ｭ D E笙ｭ A
264,3,C E A
265,4,C D笙ｭ E A
266,4,C D E A
267,5,C D笙ｭ D E A
268,4,C E笙ｭ E A
269,5,C D笙ｭ E笙ｭ E A
270,5,C D E笙ｭ E A
271,6,C D笙ｭ D E笙ｭ E A
272,3,C F A
273,4,C D笙ｭ F A
274,4,C D F A
275,5,C D笙ｭ D F A
276,4,C E笙ｭ F A
277,5,C D笙ｭ E笙ｭ F A
278,5,C D E笙ｭ F A
279,6,C D笙ｭ D E笙ｭ F A
280,4,C E F A
281,5,C D笙ｭ E F A
282,5,C D E F A
283,6,C D笙ｭ D E F A
284,5,C E笙ｭ E F A
285,6,C D笙ｭ E笙ｭ E F A
286,6,C D E笙ｭ E F A
287,7,C D笙ｭ D E笙ｭ E F A
288,3,C F笙ｯ A
289,4,C D笙ｭ F笙ｯ A
290,4,C D F笙ｯ A
291,5,C D笙ｭ D F笙ｯ A
292,4,C E笙ｭ F笙ｯ A
293,5,C D笙ｭ E笙ｭ F笙ｯ A
294,5,C D E笙ｭ F笙ｯ A
295,6,C D笙ｭ D E笙ｭ F笙ｯ A
296,4,C E F笙ｯ A
297,5,C D笙ｭ E F笙ｯ A
298,5,C D E F笙ｯ A
299,6,C D笙ｭ D E F笙ｯ A
300,5,C E笙ｭ E F笙ｯ A
301,6,C D笙ｭ E笙ｭ E F笙ｯ A
302,6,C D E笙ｭ E F笙ｯ A
303,7,C D笙ｭ D E笙ｭ E F笙ｯ A
304,4,C F F笙ｯ A
305,5,C D笙ｭ F F笙ｯ A
306,5,C D F F笙ｯ A
307,6,C D笙ｭ D F F笙ｯ A
308,5,C E笙ｭ F F笙ｯ A
309,6,C D笙ｭ E笙ｭ F F笙ｯ A
310,6,C D E笙ｭ F F笙ｯ A
311,7,C D笙ｭ D E笙ｭ F F笙ｯ A
312,5,C E F F笙ｯ A
313,6,C D笙ｭ E F F笙ｯ A
314,6,C D E F F笙ｯ A
315,7,C D笙ｭ D E F F笙ｯ A
316,6,C E笙ｭ E F F笙ｯ A
317,7,C D笙ｭ E笙ｭ E F F笙ｯ A
318,7,C D E笙ｭ E F F笙ｯ A
319,8,C D笙ｭ D E笙ｭ E F F笙ｯ A
320,3,C G A
321,4,C D笙ｭ G A
322,4,C D G A
323,5,C D笙ｭ D G A
324,4,C E笙ｭ G A
325,5,C D笙ｭ E笙ｭ G A
326,5,C D E笙ｭ G A
327,6,C D笙ｭ D E笙ｭ G A
328,4,C E G A
329,5,C D笙ｭ E G A
330,5,C D E G A
331,6,C D笙ｭ D E G A
332,5,C E笙ｭ E G A
333,6,C D笙ｭ E笙ｭ E G A
334,6,C D E笙ｭ E G A
335,7,C D笙ｭ D E笙ｭ E G A
336,4,C F G A
337,5,C D笙ｭ F G A
338,5,C D F G A
339,6,C D笙ｭ D F G A
340,5,C E笙ｭ F G A
341,6,C D笙ｭ E笙ｭ F G A
342,6,C D E笙ｭ F G A
343,7,C D笙ｭ D E笙ｭ F G A
344,5,C E F G A
345,6,C D笙ｭ E F G A
346,6,C D E F G A
347,7,C D笙ｭ D E F G A
348,6,C E笙ｭ E F G A
349,7,C D笙ｭ E笙ｭ E F G A
350,7,C D E笙ｭ E F G A
351,8,C D笙ｭ D E笙ｭ E F G A
352,4,C F笙ｯ G A
353,5,C D笙ｭ F笙ｯ G A
354,5,C D F笙ｯ G A
355,6,C D笙ｭ D F笙ｯ G A
356,5,C E笙ｭ F笙ｯ G A
357,6,C D笙ｭ E笙ｭ F笙ｯ G A
358,6,C D E笙ｭ F笙ｯ G A
359,7,C D笙ｭ D E笙ｭ F笙ｯ G A
360,5,C E F笙ｯ G A
361,6,C D笙ｭ E F笙ｯ G A
362,6,C D E F笙ｯ G A
363,7,C D笙ｭ D E F笙ｯ G A
364,6,C E笙ｭ E F笙ｯ G A
365,7,C D笙ｭ E笙ｭ E F笙ｯ G A
366,7,C D E笙ｭ E F笙ｯ G A
367,8,C D笙ｭ D E笙ｭ E F笙ｯ G A
368,5,C F F笙ｯ G A
369,6,C D笙ｭ F F笙ｯ G A
370,6,C D F F笙ｯ G A
371,7,C D笙ｭ D F F笙ｯ G A
372,6,C E笙ｭ F F笙ｯ G A
373,7,C D笙ｭ E笙ｭ F F笙ｯ G A
374,7,C D E笙ｭ F F笙ｯ G A
375,8,C D笙ｭ D E笙ｭ F F笙ｯ G A
376,6,C E F F笙ｯ G A
377,7,C D笙ｭ E F F笙ｯ G A
378,7,C D E F F笙ｯ G A
379,8,C D笙ｭ D E F F笙ｯ G A
380,7,C E笙ｭ E F F笙ｯ G A
381,8,C D笙ｭ E笙ｭ E F F笙ｯ G A
382,8,C D E笙ｭ E F F笙ｯ G A
383,9,C D笙ｭ D E笙ｭ E F F笙ｯ G A
384,3,C A笙ｭ A
385,4,C D笙ｭ A笙ｭ A
386,4,C D A笙ｭ A
387,5,C D笙ｭ D A笙ｭ A
388,4,C E笙ｭ A笙ｭ A
389,5,C D笙ｭ E笙ｭ A笙ｭ A
390,5,C D E笙ｭ A笙ｭ A
391,6,C D笙ｭ D E笙ｭ A笙ｭ A
392,4,C E A笙ｭ A
393,5,C D笙ｭ E A笙ｭ A
394,5,C D E A笙ｭ A
395,6,C D笙ｭ D E A笙ｭ A
396,5,C E笙ｭ E A笙ｭ A
397,6,C D笙ｭ E笙ｭ E A笙ｭ A
398,6,C D E笙ｭ E A笙ｭ A
399,7,C D笙ｭ D E笙ｭ E A笙ｭ A
400,4,C F A笙ｭ A
401,5,C D笙ｭ F A笙ｭ A
402,5,C D F A笙ｭ A
403,6,C D笙ｭ D F A笙ｭ A
404,5,C E笙ｭ F A笙ｭ A
405,6,C D笙ｭ E笙ｭ F A笙ｭ A
406,6,C D E笙ｭ F A笙ｭ A
407,7,C D笙ｭ D E笙ｭ F A笙ｭ A
408,5,C E F A笙ｭ A
409,6,C D笙ｭ E F A笙ｭ A
410,6,C D E F A笙ｭ A
411,7,C D笙ｭ D E F A笙ｭ A
412,6,C E笙ｭ E F A笙ｭ A
413,7,C D笙ｭ E笙ｭ E F A笙ｭ A
414,7,C D E笙ｭ E F A笙ｭ A
415,8,C D笙ｭ D E笙ｭ E F A笙ｭ A
416,4,C F笙ｯ A笙ｭ A
417,5,C D笙ｭ F笙ｯ A笙ｭ A
418,5,C D F笙ｯ A笙ｭ A
419,6,C D笙ｭ D F笙ｯ A笙ｭ A
420,5,C E笙ｭ F笙ｯ A笙ｭ A
421,6,C D笙ｭ E笙ｭ F笙ｯ A笙ｭ A
422,6,C D E笙ｭ F笙ｯ A笙ｭ A
423,7,C D笙ｭ D E笙ｭ F笙ｯ A笙ｭ A
424,5,C E F笙ｯ A笙ｭ A
425,6,C D笙ｭ E F笙ｯ A笙ｭ A
426,6,C D E F笙ｯ A笙ｭ A
427,7,C D笙ｭ D E F笙ｯ A笙ｭ A
428,6,C E笙ｭ E F笙ｯ A笙ｭ A
429,7,C D笙ｭ E笙ｭ E F笙ｯ A笙ｭ A
430,7,C D E笙ｭ E F笙ｯ A笙ｭ A
431,8,C D笙ｭ D E笙ｭ E F笙ｯ A笙ｭ A
432,5,C F F笙ｯ A笙ｭ A
433,6,C D笙ｭ F F笙ｯ A笙ｭ A
434,6,C D F F笙ｯ A笙ｭ A
435,7,C D笙ｭ D F F笙ｯ A笙ｭ A
436,6,C E笙ｭ F F笙ｯ A笙ｭ A
437,7,C D笙ｭ E笙ｭ F F笙ｯ A笙ｭ A
438,7,C D E笙ｭ F F笙ｯ A笙ｭ A
439,8,C D笙ｭ D E笙ｭ F F笙ｯ A笙ｭ A
440,6,C E F F笙ｯ A笙ｭ A
441,7,C D笙ｭ E F F笙ｯ A笙ｭ A
442,7,C D E F F笙ｯ A笙ｭ A
443,8,C D笙ｭ D E F F笙ｯ A笙ｭ A
444,7,C E笙ｭ E F F笙ｯ A笙ｭ A
445,8,C D笙ｭ E笙ｭ E F F笙ｯ A笙ｭ A
446,8,C D E笙ｭ E F F笙ｯ A笙ｭ A
447,9,C D笙ｭ D E笙ｭ E F F笙ｯ A笙ｭ A
448,4,C G A笙ｭ A
449,5,C D笙ｭ G A笙ｭ A
450,5,C D G A笙ｭ A
451,6,C D笙ｭ D G A笙ｭ A
452,5,C E笙ｭ G A笙ｭ A
453,6,C D笙ｭ E笙ｭ G A笙ｭ A
454,6,C D E笙ｭ G A笙ｭ A
455,7,C D笙ｭ D E笙ｭ G A笙ｭ A
456,5,C E G A笙ｭ A
457,6,C D笙ｭ E G A笙ｭ A
458,6,C D E G A笙ｭ A
459,7,C D笙ｭ D E G A笙ｭ A
460,6,C E笙ｭ E G A笙ｭ A
461,7,C D笙ｭ E笙ｭ E G A笙ｭ A
462,7,C D E笙ｭ E G A笙ｭ A
463,8,C D笙ｭ D E笙ｭ E G A笙ｭ A
464,5,C F G A笙ｭ A
465,6,C D笙ｭ F G A笙ｭ A
466,6,C D F G A笙ｭ A
467,7,C D笙ｭ D F G A笙ｭ A
468,6,C E笙ｭ F G A笙ｭ A
469,7,C D笙ｭ E笙ｭ F G A笙ｭ A
470,7,C D E笙ｭ F G A笙ｭ A
471,8,C D笙ｭ D E笙ｭ F G A笙ｭ A
472,6,C E F G A笙ｭ A
473,7,C D笙ｭ E F G A笙ｭ A
474,7,C D E F G A笙ｭ A
475,8,C D笙ｭ D E F G A笙ｭ A
476,7,C E笙ｭ E F G A笙ｭ A
477,8,C D笙ｭ E笙ｭ E F G A笙ｭ A
478,8,C D E笙ｭ E F G A笙ｭ A
479,9,C D笙ｭ D E笙ｭ E F G A笙ｭ A
480,5,C F笙ｯ G A笙ｭ A
481,6,C D笙ｭ F笙ｯ G A笙ｭ A
482,6,C D F笙ｯ G A笙ｭ A
483,7,C D笙ｭ D F笙ｯ G A笙ｭ A
484,6,C E笙ｭ F笙ｯ G A笙ｭ A
485,7,C D笙ｭ E笙ｭ F笙ｯ G A笙ｭ A
486,7,C D E笙ｭ F笙ｯ G A笙ｭ A
487,8,C D笙ｭ D E笙ｭ F笙ｯ G A笙ｭ A
488,6,C E F笙ｯ G A笙ｭ A
489,7,C D笙ｭ E F笙ｯ G A笙ｭ A
490,7,C D E F笙ｯ G A笙ｭ A
491,8,C D笙ｭ D E F笙ｯ G A笙ｭ A
492,7,C E笙ｭ E F笙ｯ G A笙ｭ A
493,8,C D笙ｭ E笙ｭ E F笙ｯ G A笙ｭ A
494,8,C D E笙ｭ E F笙ｯ G A笙ｭ A
495,9,C D笙ｭ D E笙ｭ E F笙ｯ G A笙ｭ A
496,6,C F F笙ｯ G A笙ｭ A
497,7,C D笙ｭ F F笙ｯ G A笙ｭ A
498,7,C D F F笙ｯ G A笙ｭ A
499,8,C D笙ｭ D F F笙ｯ G A笙ｭ A
500,7,C E笙ｭ F F笙ｯ G A笙ｭ A
501,8,C D笙ｭ E笙ｭ F F笙ｯ G A笙ｭ A
502,8,C D E笙ｭ F F笙ｯ G A笙ｭ A
503,9,C D笙ｭ D E笙ｭ F F笙ｯ G A笙ｭ A
504,7,C E F F笙ｯ G A笙ｭ A
505,8,C D笙ｭ E F F笙ｯ G A笙ｭ A
506,8,C D E F F笙ｯ G A笙ｭ A
507,9,C D笙ｭ D E F F笙ｯ G A笙ｭ A
508,8,C E笙ｭ E F F笙ｯ G A笙ｭ A
509,9,C D笙ｭ E笙ｭ E F F笙ｯ G A笙ｭ A
510,9,C D E笙ｭ E F F笙ｯ G A笙ｭ A
511,10,C D笙ｭ D E笙ｭ E F F笙ｯ G A笙ｭ A
512,2,C B笙ｭ
513,3,C D笙ｭ B笙ｭ
514,3,C D B笙ｭ
515,4,C D笙ｭ D B笙ｭ
516,3,C E笙ｭ B笙ｭ
517,4,C D笙ｭ E笙ｭ B笙ｭ
518,4,C D E笙ｭ B笙ｭ
519,5,C D笙ｭ D E笙ｭ B笙ｭ
520,3,C E B笙ｭ
521,4,C D笙ｭ E B笙ｭ
522,4,C D E B笙ｭ
523,5,C D笙ｭ D E B笙ｭ
524,4,C E笙ｭ E B笙ｭ
525,5,C D笙ｭ E笙ｭ E B笙ｭ
526,5,C D E笙ｭ E B笙ｭ
527,6,C D笙ｭ D E笙ｭ E B笙ｭ
528,3,C F B笙ｭ
529,4,C D笙ｭ F B笙ｭ
530,4,C D F B笙ｭ
531,5,C D笙ｭ D F B笙ｭ
532,4,C E笙ｭ F B笙ｭ
533,5,C D笙ｭ E笙ｭ F B笙ｭ
534,5,C D E笙ｭ F B笙ｭ
535,6,C D笙ｭ D E笙ｭ F B笙ｭ
536,4,C E F B笙ｭ
537,5,C D笙ｭ E F B笙ｭ
538,5,C D E F B笙ｭ
539,6,C D笙ｭ D E F B笙ｭ
540,5,C E笙ｭ E F B笙ｭ
541,6,C D笙ｭ E笙ｭ E F B笙ｭ
542,6,C D E笙ｭ E F B笙ｭ
543,7,C D笙ｭ D E笙ｭ E F B笙ｭ
544,3,C F笙ｯ B笙ｭ
545,4,C D笙ｭ F笙ｯ B笙ｭ
546,4,C D F笙ｯ B笙ｭ
547,5,C D笙ｭ D F笙ｯ B笙ｭ
548,4,C E笙ｭ F笙ｯ B笙ｭ
549,5,C D笙ｭ E笙ｭ F笙ｯ B笙ｭ
550,5,C D E笙ｭ F笙ｯ B笙ｭ
551,6,C D笙ｭ D E笙ｭ F笙ｯ B笙ｭ
552,4,C E F笙ｯ B笙ｭ
553,5,C D笙ｭ E F笙ｯ B笙ｭ
554,5,C D E F笙ｯ B笙ｭ
555,6,C D笙ｭ D E F笙ｯ B笙ｭ
556,5,C E笙ｭ E F笙ｯ B笙ｭ
557,6,C D笙ｭ E笙ｭ E F笙ｯ B笙ｭ
558,6,C D E笙ｭ E F笙ｯ B笙ｭ
559,7,C D笙ｭ D E笙ｭ E F笙ｯ B笙ｭ
560,4,C F F笙ｯ B笙ｭ
561,5,C D笙ｭ F F笙ｯ B笙ｭ
562,5,C D F F笙ｯ B笙ｭ
563,6,C D笙ｭ D F F笙ｯ B笙ｭ
564,5,C E笙ｭ F F笙ｯ B笙ｭ
565,6,C D笙ｭ E笙ｭ F F笙ｯ B笙ｭ
566,6,C D E笙ｭ F F笙ｯ B笙ｭ
567,7,C D笙ｭ D E笙ｭ F F笙ｯ B笙ｭ
568,5,C E F F笙ｯ B笙ｭ
569,6,C D笙ｭ E F F笙ｯ B笙ｭ
570,6,C D E F F笙ｯ B笙ｭ
571,7,C D笙ｭ D E F F笙ｯ B笙ｭ
572,6,C E笙ｭ E F F笙ｯ B笙ｭ
573,7,C D笙ｭ E笙ｭ E F F笙ｯ B笙ｭ
574,7,C D E笙ｭ E F F笙ｯ B笙ｭ
575,8,C D笙ｭ D E笙ｭ E F F笙ｯ B笙ｭ
576,3,C G B笙ｭ
577,4,C D笙ｭ G B笙ｭ
578,4,C D G B笙ｭ
579,5,C D笙ｭ D G B笙ｭ
580,4,C E笙ｭ G B笙ｭ
581,5,C D笙ｭ E笙ｭ G B笙ｭ
582,5,C D E笙ｭ G B笙ｭ
583,6,C D笙ｭ D E笙ｭ G B笙ｭ
584,4,C E G B笙ｭ
585,5,C D笙ｭ E G B笙ｭ
586,5,C D E G B笙ｭ
587,6,C D笙ｭ D E G B笙ｭ
588,5,C E笙ｭ E G B笙ｭ
589,6,C D笙ｭ E笙ｭ E G B笙ｭ
590,6,C D E笙ｭ E G B笙ｭ
591,7,C D笙ｭ D E笙ｭ E G B笙ｭ
592,4,C F G B笙ｭ
593,5,C D笙ｭ F G B笙ｭ
594,5,C D F G B笙ｭ
595,6,C D笙ｭ D F G B笙ｭ
596,5,C E笙ｭ F G B笙ｭ
597,6,C D笙ｭ E笙ｭ F G B笙ｭ
598,6,C D E笙ｭ F G B笙ｭ
599,7,C D笙ｭ D E笙ｭ F G B笙ｭ
600,5,C E F G B笙ｭ
601,6,C D笙ｭ E F G B笙ｭ
602,6,C D E F G B笙ｭ
603,7,C D笙ｭ D E F G B笙ｭ
604,6,C E笙ｭ E F G B笙ｭ
605,7,C D笙ｭ E笙ｭ E F G B笙ｭ
606,7,C D E笙ｭ E F G B笙ｭ
607,8,C D笙ｭ D E笙ｭ E F G B笙ｭ
608,4,C F笙ｯ G B笙ｭ
609,5,C D笙ｭ F笙ｯ G B笙ｭ
610,5,C D F笙ｯ G B笙ｭ
611,6,C D笙ｭ D F笙ｯ G B笙ｭ
612,5,C E笙ｭ F笙ｯ G B笙ｭ
613,6,C D笙ｭ E笙ｭ F笙ｯ G B笙ｭ
614,6,C D E笙ｭ F笙ｯ G B笙ｭ
615,7,C D笙ｭ D E笙ｭ F笙ｯ G B笙ｭ
616,5,C E F笙ｯ G B笙ｭ
617,6,C D笙ｭ E F笙ｯ G B笙ｭ
618,6,C D E F笙ｯ G B笙ｭ
619,7,C D笙ｭ D E F笙ｯ G B笙ｭ
620,6,C E笙ｭ E F笙ｯ G B笙ｭ
621,7,C D笙ｭ E笙ｭ E F笙ｯ G B笙ｭ
622,7,C D E笙ｭ E F笙ｯ G B笙ｭ
623,8,C D笙ｭ D E笙ｭ E F笙ｯ G B笙ｭ
624,5,C F F笙ｯ G B笙ｭ
625,6,C D笙ｭ F F笙ｯ G B笙ｭ
626,6,C D F F笙ｯ G B笙ｭ
627,7,C D笙ｭ D F F笙ｯ G B笙ｭ
628,6,C E笙ｭ F F笙ｯ G B笙ｭ
629,7,C D笙ｭ E笙ｭ F F笙ｯ G B笙ｭ
630,7,C D E笙ｭ F F笙ｯ G B笙ｭ
631,8,C D笙ｭ D E笙ｭ F F笙ｯ G B笙ｭ
632,6,C E F F笙ｯ G B笙ｭ
633,7,C D笙ｭ E F F笙ｯ G B笙ｭ
634,7,C D E F F笙ｯ G B笙ｭ
635,8,C D笙ｭ D E F F笙ｯ G B笙ｭ
636,7,C E笙ｭ E F F笙ｯ G B笙ｭ
637,8,C D笙ｭ E笙ｭ E F F笙ｯ G B笙ｭ
638,8,C D E笙ｭ E F F笙ｯ G B笙ｭ
639,9,C D笙ｭ D E笙ｭ E F F笙ｯ G B笙ｭ
640,3,C A笙ｭ B笙ｭ
641,4,C D笙ｭ A笙ｭ B笙ｭ
642,4,C D A笙ｭ B笙ｭ
643,5,C D笙ｭ D A笙ｭ B笙ｭ
644,4,C E笙ｭ A笙ｭ B笙ｭ
645,5,C D笙ｭ E笙ｭ A笙ｭ B笙ｭ
646,5,C D E笙ｭ A笙ｭ B笙ｭ
647,6,C D笙ｭ D E笙ｭ A笙ｭ B笙ｭ
648,4,C E A笙ｭ B笙ｭ
649,5,C D笙ｭ E A笙ｭ B笙ｭ
650,5,C D E A笙ｭ B笙ｭ
651,6,C D笙ｭ D E A笙ｭ B笙ｭ
652,5,C E笙ｭ E A笙ｭ B笙ｭ
653,6,C D笙ｭ E笙ｭ E A笙ｭ B笙ｭ
654,6,C D E笙ｭ E A笙ｭ B笙ｭ
655,7,C D笙ｭ D E笙ｭ E A笙ｭ B笙ｭ
656,4,C F A笙ｭ B笙ｭ
657,5,C D笙ｭ F A笙ｭ B笙ｭ
658,5,C D F A笙ｭ B笙ｭ
659,6,C D笙ｭ D F A笙ｭ B笙ｭ
660,5,C E笙ｭ F A笙ｭ B笙ｭ
661,6,C D笙ｭ E笙ｭ F A笙ｭ B笙ｭ
662,6,C D E笙ｭ F A笙ｭ B笙ｭ
663,7,C D笙ｭ D E笙ｭ F A笙ｭ B笙ｭ
664,5,C E F A笙ｭ B笙ｭ
665,6,C D笙ｭ E F A笙ｭ B笙ｭ
666,6,C D E F A笙ｭ B笙ｭ
667,7,C D笙ｭ D E F A笙ｭ B笙ｭ
668,6,C E笙ｭ E F A笙ｭ B笙ｭ
669,7,C D笙ｭ E笙ｭ E F A笙ｭ B笙ｭ
670,7,C D E笙ｭ E F A笙ｭ B笙ｭ
671,8,C D笙ｭ D E笙ｭ E F A笙ｭ B笙ｭ
672,4,C F笙ｯ A笙ｭ B笙ｭ
673,5,C D笙ｭ F笙ｯ A笙ｭ B笙ｭ
674,5,C D F笙ｯ A笙ｭ B笙ｭ
675,6,C D笙ｭ D F笙ｯ A笙ｭ B笙ｭ
676,5,C E笙ｭ F笙ｯ A笙ｭ B笙ｭ
677,6,C D笙ｭ E笙ｭ F笙ｯ A笙ｭ B笙ｭ
678,6,C D E笙ｭ F笙ｯ A笙ｭ B笙ｭ
679,7,C D笙ｭ D E笙ｭ F笙ｯ A笙ｭ B笙ｭ
680,5,C E F笙ｯ A笙ｭ B笙ｭ
681,6,C D笙ｭ E F笙ｯ A笙ｭ B笙ｭ
682,6,C D E F笙ｯ A笙ｭ B笙ｭ
683,7,C D笙ｭ D E F笙ｯ A笙ｭ B笙ｭ
684,6,C E笙ｭ E F笙ｯ A笙ｭ B笙ｭ
685,7,C D笙ｭ E笙ｭ E F笙ｯ A笙ｭ B笙ｭ
686,7,C D E笙ｭ E F笙ｯ A笙ｭ B笙ｭ
687,8,C D笙ｭ D E笙ｭ E F笙ｯ A笙ｭ B笙ｭ
688,5,C F F笙ｯ A笙ｭ B笙ｭ
689,6,C D笙ｭ F F笙ｯ A笙ｭ B笙ｭ
690,6,C D F F笙ｯ A笙ｭ B笙ｭ
691,7,C D笙ｭ D F F笙ｯ A笙ｭ B笙ｭ
692,6,C E笙ｭ F F笙ｯ A笙ｭ B笙ｭ
693,7,C D笙ｭ E笙ｭ F F笙ｯ A笙ｭ B笙ｭ
694,7,C D E笙ｭ F F笙ｯ A笙ｭ B笙ｭ
695,8,C D笙ｭ D E笙ｭ F F笙ｯ A笙ｭ B笙ｭ
696,6,C E F F笙ｯ A笙ｭ B笙ｭ
697,7,C D笙ｭ E F F笙ｯ A笙ｭ B笙ｭ
698,7,C D E F F笙ｯ A笙ｭ B笙ｭ
699,8,C D笙ｭ D E F F笙ｯ A笙ｭ B笙ｭ
700,7,C E笙ｭ E F F笙ｯ A笙ｭ B笙ｭ
701,8,C D笙ｭ E笙ｭ E F F笙ｯ A笙ｭ B笙ｭ
702,8,C D E笙ｭ E F F笙ｯ A笙ｭ B笙ｭ
703,9,C D笙ｭ D E笙ｭ E F F笙ｯ A笙ｭ B笙ｭ
704,4,C G A笙ｭ B笙ｭ
705,5,C D笙ｭ G A笙ｭ B笙ｭ
706,5,C D G A笙ｭ B笙ｭ
707,6,C D笙ｭ D G A笙ｭ B笙ｭ
708,5,C E笙ｭ G A笙ｭ B笙ｭ
709,6,C D笙ｭ E笙ｭ G A笙ｭ B笙ｭ
710,6,C D E笙ｭ G A笙ｭ B笙ｭ
711,7,C D笙ｭ D E笙ｭ G A笙ｭ B笙ｭ
712,5,C E G A笙ｭ B笙ｭ
713,6,C D笙ｭ E G A笙ｭ B笙ｭ
714,6,C D E G A笙ｭ B笙ｭ
715,7,C D笙ｭ D E G A笙ｭ B笙ｭ
716,6,C E笙ｭ E G A笙ｭ B笙ｭ
717,7,C D笙ｭ E笙ｭ E G A笙ｭ B笙ｭ
718,7,C D E笙ｭ E G A笙ｭ B笙ｭ
719,8,C D笙ｭ D E笙ｭ E G A笙ｭ B笙ｭ
720,5,C F G A笙ｭ B笙ｭ
721,6,C D笙ｭ F G A笙ｭ B笙ｭ
722,6,C D F G A笙ｭ B笙ｭ
723,7,C D笙ｭ D F G A笙ｭ B笙ｭ
724,6,C E笙ｭ F G A笙ｭ B笙ｭ
725,7,C D笙ｭ E笙ｭ F G A笙ｭ B笙ｭ
726,7,C D E笙ｭ F G A笙ｭ B笙ｭ
727,8,C D笙ｭ D E笙ｭ F G A笙ｭ B笙ｭ
728,6,C E F G A笙ｭ B笙ｭ
729,7,C D笙ｭ E F G A笙ｭ B笙ｭ
730,7,C D E F G A笙ｭ B笙ｭ
731,8,C D笙ｭ D E F G A笙ｭ B笙ｭ
732,7,C E笙ｭ E F G A笙ｭ B笙ｭ
733,8,C D笙ｭ E笙ｭ E F G A笙ｭ B笙ｭ
734,8,C D E笙ｭ E F G A笙ｭ B笙ｭ
735,9,C D笙ｭ D E笙ｭ E F G A笙ｭ B笙ｭ
736,5,C F笙ｯ G A笙ｭ B笙ｭ
737,6,C D笙ｭ F笙ｯ G A笙ｭ B笙ｭ
738,6,C D F笙ｯ G A笙ｭ B笙ｭ
739,7,C D笙ｭ D F笙ｯ G A笙ｭ B笙ｭ
740,6,C E笙ｭ F笙ｯ G A笙ｭ B笙ｭ
741,7,C D笙ｭ E笙ｭ F笙ｯ G A笙ｭ B笙ｭ
742,7,C D E笙ｭ F笙ｯ G A笙ｭ B笙ｭ
743,8,C D笙ｭ D E笙ｭ F笙ｯ G A笙ｭ B笙ｭ
744,6,C E F笙ｯ G A笙ｭ B笙ｭ
745,7,C D笙ｭ E F笙ｯ G A笙ｭ B笙ｭ
746,7,C D E F笙ｯ G A笙ｭ B笙ｭ
747,8,C D笙ｭ D E F笙ｯ G A笙ｭ B笙ｭ
748,7,C E笙ｭ E F笙ｯ G A笙ｭ B笙ｭ
749,8,C D笙ｭ E笙ｭ E F笙ｯ G A笙ｭ B笙ｭ
750,8,C D E笙ｭ E F笙ｯ G A笙ｭ B笙ｭ
751,9,C D笙ｭ D E笙ｭ E F笙ｯ G A笙ｭ B笙ｭ
752,6,C F F笙ｯ G A笙ｭ B笙ｭ
753,7,C D笙ｭ F F笙ｯ G A笙ｭ B笙ｭ
754,7,C D F F笙ｯ G A笙ｭ B笙ｭ
755,8,C D笙ｭ D F F笙ｯ G A笙ｭ B笙ｭ
756,7,C E笙ｭ F F笙ｯ G A笙ｭ B笙ｭ
757,8,C D笙ｭ E笙ｭ F F笙ｯ G A笙ｭ B笙ｭ
758,8,C D E笙ｭ F F笙ｯ G A笙ｭ B笙ｭ
759,9,C D笙ｭ D E笙ｭ F F笙ｯ G A笙ｭ B笙ｭ
760,7,C E F F笙ｯ G A笙ｭ B笙ｭ
761,8,C D笙ｭ E F F笙ｯ G A笙ｭ B笙ｭ
762,8,C D E F F笙ｯ G A笙ｭ B笙ｭ
763,9,C D笙ｭ D E F F笙ｯ G A笙ｭ B笙ｭ
764,8,C E笙ｭ E F F笙ｯ G A笙ｭ B笙ｭ
765,9,C D笙ｭ E笙ｭ E F F笙ｯ G A笙ｭ B笙ｭ
766,9,C D E笙ｭ E F F笙ｯ G A笙ｭ B笙ｭ
767,10,C D笙ｭ D E笙ｭ E F F笙ｯ G A笙ｭ B笙ｭ
768,3,C A B笙ｭ
769,4,C D笙ｭ A B笙ｭ
770,4,C D A B笙ｭ
771,5,C D笙ｭ D A B笙ｭ
772,4,C E笙ｭ A B笙ｭ
773,5,C D笙ｭ E笙ｭ A B笙ｭ
774,5,C D E笙ｭ A B笙ｭ
775,6,C D笙ｭ D E笙ｭ A B笙ｭ
776,4,C E A B笙ｭ
777,5,C D笙ｭ E A B笙ｭ
778,5,C D E A B笙ｭ
779,6,C D笙ｭ D E A B笙ｭ
780,5,C E笙ｭ E A B笙ｭ
781,6,C D笙ｭ E笙ｭ E A B笙ｭ
782,6,C D E笙ｭ E A B笙ｭ
783,7,C D笙ｭ D E笙ｭ E A B笙ｭ
784,4,C F A B笙ｭ
785,5,C D笙ｭ F A B笙ｭ
786,5,C D F A B笙ｭ
787,6,C D笙ｭ D F A B笙ｭ
788,5,C E笙ｭ F A B笙ｭ
789,6,C D笙ｭ E笙ｭ F A B笙ｭ
790,6,C D E笙ｭ F A B笙ｭ
791,7,C D笙ｭ D E笙ｭ F A B笙ｭ
792,5,C E F A B笙ｭ
793,6,C D笙ｭ E F A B笙ｭ
794,6,C D E F A B笙ｭ
795,7,C D笙ｭ D E F A B笙ｭ
796,6,C E笙ｭ E F A B笙ｭ
797,7,C D笙ｭ E笙ｭ E F A B笙ｭ
798,7,C D E笙ｭ E F A B笙ｭ
799,8,C D笙ｭ D E笙ｭ E F A B笙ｭ
800,4,C F笙ｯ A B笙ｭ
801,5,C D笙ｭ F笙ｯ A B笙ｭ
802,5,C D F笙ｯ A B笙ｭ
803,6,C D笙ｭ D F笙ｯ A B笙ｭ
804,5,C E笙ｭ F笙ｯ A B笙ｭ
805,6,C D笙ｭ E笙ｭ F笙ｯ A B笙ｭ
806,6,C D E笙ｭ F笙ｯ A B笙ｭ
807,7,C D笙ｭ D E笙ｭ F笙ｯ A B笙ｭ
808,5,C E F笙ｯ A B笙ｭ
809,6,C D笙ｭ E F笙ｯ A B笙ｭ
810,6,C D E F笙ｯ A B笙ｭ
811,7,C D笙ｭ D E F笙ｯ A B笙ｭ
812,6,C E笙ｭ E F笙ｯ A B笙ｭ
813,7,C D笙ｭ E笙ｭ E F笙ｯ A B笙ｭ
814,7,C D E笙ｭ E F笙ｯ A B笙ｭ
815,8,C D笙ｭ D E笙ｭ E F笙ｯ A B笙ｭ
816,5,C F F笙ｯ A B笙ｭ
817,6,C D笙ｭ F F笙ｯ A B笙ｭ
818,6,C D F F笙ｯ A B笙ｭ
819,7,C D笙ｭ D F F笙ｯ A B笙ｭ
820,6,C E笙ｭ F F笙ｯ A B笙ｭ
821,7,C D笙ｭ E笙ｭ F F笙ｯ A B笙ｭ
822,7,C D E笙ｭ F F笙ｯ A B笙ｭ
823,8,C D笙ｭ D E笙ｭ F F笙ｯ A B笙ｭ
824,6,C E F F笙ｯ A B笙ｭ
825,7,C D笙ｭ E F F笙ｯ A B笙ｭ
826,7,C D E F F笙ｯ A B笙ｭ
827,8,C D笙ｭ D E F F笙ｯ A B笙ｭ
828,7,C E笙ｭ E F F笙ｯ A B笙ｭ
829,8,C D笙ｭ E笙ｭ E F F笙ｯ A B笙ｭ
830,8,C D E笙ｭ E F F笙ｯ A B笙ｭ
831,9,C D笙ｭ D E笙ｭ E F F笙ｯ A B笙ｭ
832,4,C G A B笙ｭ
833,5,C D笙ｭ G A B笙ｭ
834,5,C D G A B笙ｭ
835,6,C D笙ｭ D G A B笙ｭ
836,5,C E笙ｭ G A B笙ｭ
837,6,C D笙ｭ E笙ｭ G A B笙ｭ
838,6,C D E笙ｭ G A B笙ｭ
839,7,C D笙ｭ D E笙ｭ G A B笙ｭ
840,5,C E G A B笙ｭ
841,6,C D笙ｭ E G A B笙ｭ
842,6,C D E G A B笙ｭ
843,7,C D笙ｭ D E G A B笙ｭ
844,6,C E笙ｭ E G A B笙ｭ
845,7,C D笙ｭ E笙ｭ E G A B笙ｭ
846,7,C D E笙ｭ E G A B笙ｭ
847,8,C D笙ｭ D E笙ｭ E G A B笙ｭ
848,5,C F G A B笙ｭ
849,6,C D笙ｭ F G A B笙ｭ
850,6,C D F G A B笙ｭ
851,7,C D笙ｭ D F G A B笙ｭ
852,6,C E笙ｭ F G A B笙ｭ
853,7,C D笙ｭ E笙ｭ F G A B笙ｭ
854,7,C D E笙ｭ F G A B笙ｭ
855,8,C D笙ｭ D E笙ｭ F G A B笙ｭ
856,6,C E F G A B笙ｭ
857,7,C D笙ｭ E F G A B笙ｭ
858,7,C D E F G A B笙ｭ
859,8,C D笙ｭ D E F G A B笙ｭ
860,7,C E笙ｭ E F G A B笙ｭ
861,8,C D笙ｭ E笙ｭ E F G A B笙ｭ
862,8,C D E笙ｭ E F G A B笙ｭ
863,9,C D笙ｭ D E笙ｭ E F G A B笙ｭ
864,5,C F笙ｯ G A B笙ｭ
865,6,C D笙ｭ F笙ｯ G A B笙ｭ
866,6,C D F笙ｯ G A B笙ｭ
867,7,C D笙ｭ D F笙ｯ G A B笙ｭ
868,6,C E笙ｭ F笙ｯ G A B笙ｭ
869,7,C D笙ｭ E笙ｭ F笙ｯ G A B笙ｭ
870,7,C D E笙ｭ F笙ｯ G A B笙ｭ
871,8,C D笙ｭ D E笙ｭ F笙ｯ G A B笙ｭ
872,6,C E F笙ｯ G A B笙ｭ
873,7,C D笙ｭ E F笙ｯ G A B笙ｭ
874,7,C D E F笙ｯ G A B笙ｭ
875,8,C D笙ｭ D E F笙ｯ G A B笙ｭ
876,7,C E笙ｭ E F笙ｯ G A B笙ｭ
877,8,C D笙ｭ E笙ｭ E F笙ｯ G A B笙ｭ
878,8,C D E笙ｭ E F笙ｯ G A B笙ｭ
879,9,C D笙ｭ D E笙ｭ E F笙ｯ G A B笙ｭ
880,6,C F F笙ｯ G A B笙ｭ
881,7,C D笙ｭ F F笙ｯ G A B笙ｭ
882,7,C D F F笙ｯ G A B笙ｭ
883,8,C D笙ｭ D F F笙ｯ G A B笙ｭ
884,7,C E笙ｭ F F笙ｯ G A B笙ｭ
885,8,C D笙ｭ E笙ｭ F F笙ｯ G A B笙ｭ
886,8,C D E笙ｭ F F笙ｯ G A B笙ｭ
887,9,C D笙ｭ D E笙ｭ F F笙ｯ G A B笙ｭ
888,7,C E F F笙ｯ G A B笙ｭ
889,8,C D笙ｭ E F F笙ｯ G A B笙ｭ
890,8,C D E F F笙ｯ G A B笙ｭ
891,9,C D笙ｭ D E F F笙ｯ G A B笙ｭ
892,8,C E笙ｭ E F F笙ｯ G A B笙ｭ
893,9,C D笙ｭ E笙ｭ E F F笙ｯ G A B笙ｭ
894,9,C D E笙ｭ E F F笙ｯ G A B笙ｭ
895,10,C D笙ｭ D E笙ｭ E F F笙ｯ G A B笙ｭ
896,4,C A笙ｭ A B笙ｭ
897,5,C D笙ｭ A笙ｭ A B笙ｭ
898,5,C D A笙ｭ A B笙ｭ
899,6,C D笙ｭ D A笙ｭ A B笙ｭ
900,5,C E笙ｭ A笙ｭ A B笙ｭ
901,6,C D笙ｭ E笙ｭ A笙ｭ A B笙ｭ
902,6,C D E笙ｭ A笙ｭ A B笙ｭ
903,7,C D笙ｭ D E笙ｭ A笙ｭ A B笙ｭ
904,5,C E A笙ｭ A B笙ｭ
905,6,C D笙ｭ E A笙ｭ A B笙ｭ
906,6,C D E A笙ｭ A B笙ｭ
907,7,C D笙ｭ D E A笙ｭ A B笙ｭ
908,6,C E笙ｭ E A笙ｭ A B笙ｭ
909,7,C D笙ｭ E笙ｭ E A笙ｭ A B笙ｭ
910,7,C D E笙ｭ E A笙ｭ A B笙ｭ
911,8,C D笙ｭ D E笙ｭ E A笙ｭ A B笙ｭ
912,5,C F A笙ｭ A B笙ｭ
913,6,C D笙ｭ F A笙ｭ A B笙ｭ
914,6,C D F A笙ｭ A B笙ｭ
915,7,C D笙ｭ D F A笙ｭ A B笙ｭ
916,6,C E笙ｭ F A笙ｭ A B笙ｭ
917,7,C D笙ｭ E笙ｭ F A笙ｭ A B笙ｭ
918,7,C D E笙ｭ F A笙ｭ A B笙ｭ
919,8,C D笙ｭ D E笙ｭ F A笙ｭ A B笙ｭ
920,6,C E F A笙ｭ A B笙ｭ
921,7,C D笙ｭ E F A笙ｭ A B笙ｭ
922,7,C D E F A笙ｭ A B笙ｭ
923,8,C D笙ｭ D E F A笙ｭ A B笙ｭ
924,7,C E笙ｭ E F A笙ｭ A B笙ｭ
925,8,C D笙ｭ E笙ｭ E F A笙ｭ A B笙ｭ
926,8,C D E笙ｭ E F A笙ｭ A B笙ｭ
927,9,C D笙ｭ D E笙ｭ E F A笙ｭ A B笙ｭ
928,5,C F笙ｯ A笙ｭ A B笙ｭ
929,6,C D笙ｭ F笙ｯ A笙ｭ A B笙ｭ
930,6,C D F笙ｯ A笙ｭ A B笙ｭ
931,7,C D笙ｭ D F笙ｯ A笙ｭ A B笙ｭ
932,6,C E笙ｭ F笙ｯ A笙ｭ A B笙ｭ
933,7,C D笙ｭ E笙ｭ F笙ｯ A笙ｭ A B笙ｭ
934,7,C D E笙ｭ F笙ｯ A笙ｭ A B笙ｭ
935,8,C D笙ｭ D E笙ｭ F笙ｯ A笙ｭ A B笙ｭ
936,6,C E F笙ｯ A笙ｭ A B笙ｭ
937,7,C D笙ｭ E F笙ｯ A笙ｭ A B笙ｭ
938,7,C D E F笙ｯ A笙ｭ A B笙ｭ
939,8,C D笙ｭ D E F笙ｯ A笙ｭ A B笙ｭ
940,7,C E笙ｭ E F笙ｯ A笙ｭ A B笙ｭ
941,8,C D笙ｭ E笙ｭ E F笙ｯ A笙ｭ A B笙ｭ
942,8,C D E笙ｭ E F笙ｯ A笙ｭ A B笙ｭ
943,9,C D笙ｭ D E笙ｭ E F笙ｯ A笙ｭ A B笙ｭ
944,6,C F F笙ｯ A笙ｭ A B笙ｭ
945,7,C D笙ｭ F F笙ｯ A笙ｭ A B笙ｭ
946,7,C D F F笙ｯ A笙ｭ A B笙ｭ
947,8,C D笙ｭ D F F笙ｯ A笙ｭ A B笙ｭ
948,7,C E笙ｭ F F笙ｯ A笙ｭ A B笙ｭ
949,8,C D笙ｭ E笙ｭ F F笙ｯ A笙ｭ A B笙ｭ
950,8,C D E笙ｭ F F笙ｯ A笙ｭ A B笙ｭ
951,9,C D笙ｭ D E笙ｭ F F笙ｯ A笙ｭ A B笙ｭ
952,7,C E F F笙ｯ A笙ｭ A B笙ｭ
953,8,C D笙ｭ E F F笙ｯ A笙ｭ A B笙ｭ
954,8,C D E F F笙ｯ A笙ｭ A B笙ｭ
955,9,C D笙ｭ D E F F笙ｯ A笙ｭ A B笙ｭ
956,8,C E笙ｭ E F F笙ｯ A笙ｭ A B笙ｭ
957,9,C D笙ｭ E笙ｭ E F F笙ｯ A笙ｭ A B笙ｭ
958,9,C D E笙ｭ E F F笙ｯ A笙ｭ A B笙ｭ
959,10,C D笙ｭ D E笙ｭ E F F笙ｯ A笙ｭ A B笙ｭ
960,5,C G A笙ｭ A B笙ｭ
961,6,C D笙ｭ G A笙ｭ A B笙ｭ
962,6,C D G A笙ｭ A B笙ｭ
963,7,C D笙ｭ D G A笙ｭ A B笙ｭ
964,6,C E笙ｭ G A笙ｭ A B笙ｭ
965,7,C D笙ｭ E笙ｭ G A笙ｭ A B笙ｭ
966,7,C D E笙ｭ G A笙ｭ A B笙ｭ
967,8,C D笙ｭ D E笙ｭ G A笙ｭ A B笙ｭ
968,6,C E G A笙ｭ A B笙ｭ
969,7,C D笙ｭ E G A笙ｭ A B笙ｭ
970,7,C D E G A笙ｭ A B笙ｭ
971,8,C D笙ｭ D E G A笙ｭ A B笙ｭ
972,7,C E笙ｭ E G A笙ｭ A B笙ｭ
973,8,C D笙ｭ E笙ｭ E G A笙ｭ A B笙ｭ
974,8,C D E笙ｭ E G A笙ｭ A B笙ｭ
975,9,C D笙ｭ D E笙ｭ E G A笙ｭ A B笙ｭ
976,6,C F G A笙ｭ A B笙ｭ
977,7,C D笙ｭ F G A笙ｭ A B笙ｭ
978,7,C D F G A笙ｭ A B笙ｭ
979,8,C D笙ｭ D F G A笙ｭ A B笙ｭ
980,7,C E笙ｭ F G A笙ｭ A B笙ｭ
981,8,C D笙ｭ E笙ｭ F G A笙ｭ A B笙ｭ
982,8,C D E笙ｭ F G A笙ｭ A B笙ｭ
983,9,C D笙ｭ D E笙ｭ F G A笙ｭ A B笙ｭ
984,7,C E F G A笙ｭ A B笙ｭ
985,8,C D笙ｭ E F G A笙ｭ A B笙ｭ
986,8,C D E F G A笙ｭ A B笙ｭ
987,9,C D笙ｭ D E F G A笙ｭ A B笙ｭ
988,8,C E笙ｭ E F G A笙ｭ A B笙ｭ
989,9,C D笙ｭ E笙ｭ E F G A笙ｭ A B笙ｭ
990,9,C D E笙ｭ E F G A笙ｭ A B笙ｭ
991,10,C D笙ｭ D E笙ｭ E F G A笙ｭ A B笙ｭ
992,6,C F笙ｯ G A笙ｭ A B笙ｭ
993,7,C D笙ｭ F笙ｯ G A笙ｭ A B笙ｭ
994,7,C D F笙ｯ G A笙ｭ A B笙ｭ
995,8,C D笙ｭ D F笙ｯ G A笙ｭ A B笙ｭ
996,7,C E笙ｭ F笙ｯ G A笙ｭ A B笙ｭ
997,8,C D笙ｭ E笙ｭ F笙ｯ G A笙ｭ A B笙ｭ
998,8,C D E笙ｭ F笙ｯ G A笙ｭ A B笙ｭ
999,9,C D笙ｭ D E笙ｭ F笙ｯ G A笙ｭ A B笙ｭ
1000,7,C E F笙ｯ G A笙ｭ A B笙ｭ
1001,8,C D笙ｭ E F笙ｯ G A笙ｭ A B笙ｭ
1002,8,C D E F笙ｯ G A笙ｭ A B笙ｭ
1003,9,C D笙ｭ D E F笙ｯ G A笙ｭ A B笙ｭ
1004,8,C E笙ｭ E F笙ｯ G A笙ｭ A B笙ｭ
1005,9,C D笙ｭ E笙ｭ E F笙ｯ G A笙ｭ A B笙ｭ
1006,9,C D E笙ｭ E F笙ｯ G A笙ｭ A B笙ｭ
1007,10,C D笙ｭ D E笙ｭ E F笙ｯ G A笙ｭ A B笙ｭ
1008,7,C F F笙ｯ G A笙ｭ A B笙ｭ
1009,8,C D笙ｭ F F笙ｯ G A笙ｭ A B笙ｭ
1010,8,C D F F笙ｯ G A笙ｭ A B笙ｭ
1011,9,C D笙ｭ D F F笙ｯ G A笙ｭ A B笙ｭ
1012,8,C E笙ｭ F F笙ｯ G A笙ｭ A B笙ｭ
1013,9,C D笙ｭ E笙ｭ F F笙ｯ G A笙ｭ A B笙ｭ
1014,9,C D E笙ｭ F F笙ｯ G A笙ｭ A B笙ｭ
1015,10,C D笙ｭ D E笙ｭ F F笙ｯ G A笙ｭ A B笙ｭ
1016,8,C E F F笙ｯ G A笙ｭ A B笙ｭ
1017,9,C D笙ｭ E F F笙ｯ G A笙ｭ A B笙ｭ
1018,9,C D E F F笙ｯ G A笙ｭ A B笙ｭ
1019,10,C D笙ｭ D E F F笙ｯ G A笙ｭ A B笙ｭ
1020,9,C E笙ｭ E F F笙ｯ G A笙ｭ A B笙ｭ
1021,10,C D笙ｭ E笙ｭ E F F笙ｯ G A笙ｭ A B笙ｭ
1022,10,C D E笙ｭ E F F笙ｯ G A笙ｭ A B笙ｭ
1023,11,C D笙ｭ D E笙ｭ E F F笙ｯ G A笙ｭ A B笙ｭ
1024,2,C B
1025,3,C D笙ｭ B
1026,3,C D B
1027,4,C D笙ｭ D B
1028,3,C E笙ｭ B
1029,4,C D笙ｭ E笙ｭ B
1030,4,C D E笙ｭ B
1031,5,C D笙ｭ D E笙ｭ B
1032,3,C E B
1033,4,C D笙ｭ E B
1034,4,C D E B
1035,5,C D笙ｭ D E B
1036,4,C E笙ｭ E B
1037,5,C D笙ｭ E笙ｭ E B
1038,5,C D E笙ｭ E B
1039,6,C D笙ｭ D E笙ｭ E B
1040,3,C F B
1041,4,C D笙ｭ F B
1042,4,C D F B
1043,5,C D笙ｭ D F B
1044,4,C E笙ｭ F B
1045,5,C D笙ｭ E笙ｭ F B
1046,5,C D E笙ｭ F B
1047,6,C D笙ｭ D E笙ｭ F B
1048,4,C E F B
1049,5,C D笙ｭ E F B
1050,5,C D E F B
1051,6,C D笙ｭ D E F B
1052,5,C E笙ｭ E F B
1053,6,C D笙ｭ E笙ｭ E F B
1054,6,C D E笙ｭ E F B
1055,7,C D笙ｭ D E笙ｭ E F B
1056,3,C F笙ｯ B
1057,4,C D笙ｭ F笙ｯ B
1058,4,C D F笙ｯ B
1059,5,C D笙ｭ D F笙ｯ B
1060,4,C E笙ｭ F笙ｯ B
1061,5,C D笙ｭ E笙ｭ F笙ｯ B
1062,5,C D E笙ｭ F笙ｯ B
1063,6,C D笙ｭ D E笙ｭ F笙ｯ B
1064,4,C E F笙ｯ B
1065,5,C D笙ｭ E F笙ｯ B
1066,5,C D E F笙ｯ B
1067,6,C D笙ｭ D E F笙ｯ B
1068,5,C E笙ｭ E F笙ｯ B
1069,6,C D笙ｭ E笙ｭ E F笙ｯ B
1070,6,C D E笙ｭ E F笙ｯ B
1071,7,C D笙ｭ D E笙ｭ E F笙ｯ B
1072,4,C F F笙ｯ B
1073,5,C D笙ｭ F F笙ｯ B
1074,5,C D F F笙ｯ B
1075,6,C D笙ｭ D F F笙ｯ B
1076,5,C E笙ｭ F F笙ｯ B
1077,6,C D笙ｭ E笙ｭ F F笙ｯ B
1078,6,C D E笙ｭ F F笙ｯ B
1079,7,C D笙ｭ D E笙ｭ F F笙ｯ B
1080,5,C E F F笙ｯ B
1081,6,C D笙ｭ E F F笙ｯ B
1082,6,C D E F F笙ｯ B
1083,7,C D笙ｭ D E F F笙ｯ B
1084,6,C E笙ｭ E F F笙ｯ B
1085,7,C D笙ｭ E笙ｭ E F F笙ｯ B
1086,7,C D E笙ｭ E F F笙ｯ B
1087,8,C D笙ｭ D E笙ｭ E F F笙ｯ B
1088,3,C G B
1089,4,C D笙ｭ G B
1090,4,C D G B
1091,5,C D笙ｭ D G B
1092,4,C E笙ｭ G B
1093,5,C D笙ｭ E笙ｭ G B
1094,5,C D E笙ｭ G B
1095,6,C D笙ｭ D E笙ｭ G B
1096,4,C E G B
1097,5,C D笙ｭ E G B
1098,5,C D E G B
1099,6,C D笙ｭ D E G B
1100,5,C E笙ｭ E G B
1101,6,C D笙ｭ E笙ｭ E G B
1102,6,C D E笙ｭ E G B
1103,7,C D笙ｭ D E笙ｭ E G B
1104,4,C F G B
1105,5,C D笙ｭ F G B
1106,5,C D F G B
1107,6,C D笙ｭ D F G B
1108,5,C E笙ｭ F G B
1109,6,C D笙ｭ E笙ｭ F G B
1110,6,C D E笙ｭ F G B
1111,7,C D笙ｭ D E笙ｭ F G B
1112,5,C E F G B
1113,6,C D笙ｭ E F G B
1114,6,C D E F G B
1115,7,C D笙ｭ D E F G B
1116,6,C E笙ｭ E F G B
1117,7,C D笙ｭ E笙ｭ E F G B
1118,7,C D E笙ｭ E F G B
1119,8,C D笙ｭ D E笙ｭ E F G B
1120,4,C F笙ｯ G B
1121,5,C D笙ｭ F笙ｯ G B
1122,5,C D F笙ｯ G B
1123,6,C D笙ｭ D F笙ｯ G B
1124,5,C E笙ｭ F笙ｯ G B
1125,6,C D笙ｭ E笙ｭ F笙ｯ G B
1126,6,C D E笙ｭ F笙ｯ G B
1127,7,C D笙ｭ D E笙ｭ F笙ｯ G B
1128,5,C E F笙ｯ G B
1129,6,C D笙ｭ E F笙ｯ G B
1130,6,C D E F笙ｯ G B
1131,7,C D笙ｭ D E F笙ｯ G B
1132,6,C E笙ｭ E F笙ｯ G B
1133,7,C D笙ｭ E笙ｭ E F笙ｯ G B
1134,7,C D E笙ｭ E F笙ｯ G B
1135,8,C D笙ｭ D E笙ｭ E F笙ｯ G B
1136,5,C F F笙ｯ G B
1137,6,C D笙ｭ F F笙ｯ G B
1138,6,C D F F笙ｯ G B
1139,7,C D笙ｭ D F F笙ｯ G B
1140,6,C E笙ｭ F F笙ｯ G B
1141,7,C D笙ｭ E笙ｭ F F笙ｯ G B
1142,7,C D E笙ｭ F F笙ｯ G B
1143,8,C D笙ｭ D E笙ｭ F F笙ｯ G B
1144,6,C E F F笙ｯ G B
1145,7,C D笙ｭ E F F笙ｯ G B
1146,7,C D E F F笙ｯ G B
1147,8,C D笙ｭ D E F F笙ｯ G B
1148,7,C E笙ｭ E F F笙ｯ G B
1149,8,C D笙ｭ E笙ｭ E F F笙ｯ G B
1150,8,C D E笙ｭ E F F笙ｯ G B
1151,9,C D笙ｭ D E笙ｭ E F F笙ｯ G B
1152,3,C A笙ｭ B
1153,4,C D笙ｭ A笙ｭ B
1154,4,C D A笙ｭ B
1155,5,C D笙ｭ D A笙ｭ B
1156,4,C E笙ｭ A笙ｭ B
1157,5,C D笙ｭ E笙ｭ A笙ｭ B
1158,5,C D E笙ｭ A笙ｭ B
1159,6,C D笙ｭ D E笙ｭ A笙ｭ B
1160,4,C E A笙ｭ B
1161,5,C D笙ｭ E A笙ｭ B
1162,5,C D E A笙ｭ B
1163,6,C D笙ｭ D E A笙ｭ B
1164,5,C E笙ｭ E A笙ｭ B
1165,6,C D笙ｭ E笙ｭ E A笙ｭ B
1166,6,C D E笙ｭ E A笙ｭ B
1167,7,C D笙ｭ D E笙ｭ E A笙ｭ B
1168,4,C F A笙ｭ B
1169,5,C D笙ｭ F A笙ｭ B
1170,5,C D F A笙ｭ B
1171,6,C D笙ｭ D F A笙ｭ B
1172,5,C E笙ｭ F A笙ｭ B
1173,6,C D笙ｭ E笙ｭ F A笙ｭ B
1174,6,C D E笙ｭ F A笙ｭ B
1175,7,C D笙ｭ D E笙ｭ F A笙ｭ B
1176,5,C E F A笙ｭ B
1177,6,C D笙ｭ E F A笙ｭ B
1178,6,C D E F A笙ｭ B
1179,7,C D笙ｭ D E F A笙ｭ B
1180,6,C E笙ｭ E F A笙ｭ B
1181,7,C D笙ｭ E笙ｭ E F A笙ｭ B
1182,7,C D E笙ｭ E F A笙ｭ B
1183,8,C D笙ｭ D E笙ｭ E F A笙ｭ B
1184,4,C F笙ｯ A笙ｭ B
1185,5,C D笙ｭ F笙ｯ A笙ｭ B
1186,5,C D F笙ｯ A笙ｭ B
1187,6,C D笙ｭ D F笙ｯ A笙ｭ B
1188,5,C E笙ｭ F笙ｯ A笙ｭ B
1189,6,C D笙ｭ E笙ｭ F笙ｯ A笙ｭ B
1190,6,C D E笙ｭ F笙ｯ A笙ｭ B
1191,7,C D笙ｭ D E笙ｭ F笙ｯ A笙ｭ B
1192,5,C E F笙ｯ A笙ｭ B
1193,6,C D笙ｭ E F笙ｯ A笙ｭ B
1194,6,C D E F笙ｯ A笙ｭ B
1195,7,C D笙ｭ D E F笙ｯ A笙ｭ B
1196,6,C E笙ｭ E F笙ｯ A笙ｭ B
1197,7,C D笙ｭ E笙ｭ E F笙ｯ A笙ｭ B
1198,7,C D E笙ｭ E F笙ｯ A笙ｭ B
1199,8,C D笙ｭ D E笙ｭ E F笙ｯ A笙ｭ B
1200,5,C F F笙ｯ A笙ｭ B
1201,6,C D笙ｭ F F笙ｯ A笙ｭ B
1202,6,C D F F笙ｯ A笙ｭ B
1203,7,C D笙ｭ D F F笙ｯ A笙ｭ B
1204,6,C E笙ｭ F F笙ｯ A笙ｭ B
1205,7,C D笙ｭ E笙ｭ F F笙ｯ A笙ｭ B
1206,7,C D E笙ｭ F F笙ｯ A笙ｭ B
1207,8,C D笙ｭ D E笙ｭ F F笙ｯ A笙ｭ B
1208,6,C E F F笙ｯ A笙ｭ B
1209,7,C D笙ｭ E F F笙ｯ A笙ｭ B
1210,7,C D E F F笙ｯ A笙ｭ B
1211,8,C D笙ｭ D E F F笙ｯ A笙ｭ B
1212,7,C E笙ｭ E F F笙ｯ A笙ｭ B
1213,8,C D笙ｭ E笙ｭ E F F笙ｯ A笙ｭ B
1214,8,C D E笙ｭ E F F笙ｯ A笙ｭ B
1215,9,C D笙ｭ D E笙ｭ E F F笙ｯ A笙ｭ B
1216,4,C G A笙ｭ B
1217,5,C D笙ｭ G A笙ｭ B
1218,5,C D G A笙ｭ B
1219,6,C D笙ｭ D G A笙ｭ B
1220,5,C E笙ｭ G A笙ｭ B
1221,6,C D笙ｭ E笙ｭ G A笙ｭ B
1222,6,C D E笙ｭ G A笙ｭ B
1223,7,C D笙ｭ D E笙ｭ G A笙ｭ B
1224,5,C E G A笙ｭ B
1225,6,C D笙ｭ E G A笙ｭ B
1226,6,C D E G A笙ｭ B
1227,7,C D笙ｭ D E G A笙ｭ B
1228,6,C E笙ｭ E G A笙ｭ B
1229,7,C D笙ｭ E笙ｭ E G A笙ｭ B
1230,7,C D E笙ｭ E G A笙ｭ B
1231,8,C D笙ｭ D E笙ｭ E G A笙ｭ B
1232,5,C F G A笙ｭ B
1233,6,C D笙ｭ F G A笙ｭ B
1234,6,C D F G A笙ｭ B
1235,7,C D笙ｭ D F G A笙ｭ B
1236,6,C E笙ｭ F G A笙ｭ B
1237,7,C D笙ｭ E笙ｭ F G A笙ｭ B
1238,7,C D E笙ｭ F G A笙ｭ B
1239,8,C D笙ｭ D E笙ｭ F G A笙ｭ B
1240,6,C E F G A笙ｭ B
1241,7,C D笙ｭ E F G A笙ｭ B
1242,7,C D E F G A笙ｭ B
1243,8,C D笙ｭ D E F G A笙ｭ B
1244,7,C E笙ｭ E F G A笙ｭ B
1245,8,C D笙ｭ E笙ｭ E F G A笙ｭ B
1246,8,C D E笙ｭ E F G A笙ｭ B
1247,9,C D笙ｭ D E笙ｭ E F G A笙ｭ B
1248,5,C F笙ｯ G A笙ｭ B
1249,6,C D笙ｭ F笙ｯ G A笙ｭ B
1250,6,C D F笙ｯ G A笙ｭ B
1251,7,C D笙ｭ D F笙ｯ G A笙ｭ B
1252,6,C E笙ｭ F笙ｯ G A笙ｭ B
1253,7,C D笙ｭ E笙ｭ F笙ｯ G A笙ｭ B
1254,7,C D E笙ｭ F笙ｯ G A笙ｭ B
1255,8,C D笙ｭ D E笙ｭ F笙ｯ G A笙ｭ B
1256,6,C E F笙ｯ G A笙ｭ B
1257,7,C D笙ｭ E F笙ｯ G A笙ｭ B
1258,7,C D E F笙ｯ G A笙ｭ B
1259,8,C D笙ｭ D E F笙ｯ G A笙ｭ B
1260,7,C E笙ｭ E F笙ｯ G A笙ｭ B
1261,8,C D笙ｭ E笙ｭ E F笙ｯ G A笙ｭ B
1262,8,C D E笙ｭ E F笙ｯ G A笙ｭ B
1263,9,C D笙ｭ D E笙ｭ E F笙ｯ G A笙ｭ B
1264,6,C F F笙ｯ G A笙ｭ B
1265,7,C D笙ｭ F F笙ｯ G A笙ｭ B
1266,7,C D F F笙ｯ G A笙ｭ B
1267,8,C D笙ｭ D F F笙ｯ G A笙ｭ B
1268,7,C E笙ｭ F F笙ｯ G A笙ｭ B
1269,8,C D笙ｭ E笙ｭ F F笙ｯ G A笙ｭ B
1270,8,C D E笙ｭ F F笙ｯ G A笙ｭ B
1271,9,C D笙ｭ D E笙ｭ F F笙ｯ G A笙ｭ B
1272,7,C E F F笙ｯ G A笙ｭ B
1273,8,C D笙ｭ E F F笙ｯ G A笙ｭ B
1274,8,C D E F F笙ｯ G A笙ｭ B
1275,9,C D笙ｭ D E F F笙ｯ G A笙ｭ B
1276,8,C E笙ｭ E F F笙ｯ G A笙ｭ B
1277,9,C D笙ｭ E笙ｭ E F F笙ｯ G A笙ｭ B
1278,9,C D E笙ｭ E F F笙ｯ G A笙ｭ B
1279,10,C D笙ｭ D E笙ｭ E F F笙ｯ G A笙ｭ B
1280,3,C A B
1281,4,C D笙ｭ A B
1282,4,C D A B
1283,5,C D笙ｭ D A B
1284,4,C E笙ｭ A B
1285,5,C D笙ｭ E笙ｭ A B
1286,5,C D E笙ｭ A B
1287,6,C D笙ｭ D E笙ｭ A B
1288,4,C E A B
1289,5,C D笙ｭ E A B
1290,5,C D E A B
1291,6,C D笙ｭ D E A B
1292,5,C E笙ｭ E A B
1293,6,C D笙ｭ E笙ｭ E A B
1294,6,C D E笙ｭ E A B
1295,7,C D笙ｭ D E笙ｭ E A B
1296,4,C F A B
1297,5,C D笙ｭ F A B
1298,5,C D F A B
1299,6,C D笙ｭ D F A B
1300,5,C E笙ｭ F A B
1301,6,C D笙ｭ E笙ｭ F A B
1302,6,C D E笙ｭ F A B
1303,7,C D笙ｭ D E笙ｭ F A B
1304,5,C E F A B
1305,6,C D笙ｭ E F A B
1306,6,C D E F A B
1307,7,C D笙ｭ D E F A B
1308,6,C E笙ｭ E F A B
1309,7,C D笙ｭ E笙ｭ E F A B
1310,7,C D E笙ｭ E F A B
1311,8,C D笙ｭ D E笙ｭ E F A B
1312,4,C F笙ｯ A B
1313,5,C D笙ｭ F笙ｯ A B
1314,5,C D F笙ｯ A B
1315,6,C D笙ｭ D F笙ｯ A B
1316,5,C E笙ｭ F笙ｯ A B
1317,6,C D笙ｭ E笙ｭ F笙ｯ A B
1318,6,C D E笙ｭ F笙ｯ A B
1319,7,C D笙ｭ D E笙ｭ F笙ｯ A B
1320,5,C E F笙ｯ A B
1321,6,C D笙ｭ E F笙ｯ A B
1322,6,C D E F笙ｯ A B
1323,7,C D笙ｭ D E F笙ｯ A B
1324,6,C E笙ｭ E F笙ｯ A B
1325,7,C D笙ｭ E笙ｭ E F笙ｯ A B
1326,7,C D E笙ｭ E F笙ｯ A B
1327,8,C D笙ｭ D E笙ｭ E F笙ｯ A B
1328,5,C F F笙ｯ A B
1329,6,C D笙ｭ F F笙ｯ A B
1330,6,C D F F笙ｯ A B
1331,7,C D笙ｭ D F F笙ｯ A B
1332,6,C E笙ｭ F F笙ｯ A B
1333,7,C D笙ｭ E笙ｭ F F笙ｯ A B
1334,7,C D E笙ｭ F F笙ｯ A B
1335,8,C D笙ｭ D E笙ｭ F F笙ｯ A B
1336,6,C E F F笙ｯ A B
1337,7,C D笙ｭ E F F笙ｯ A B
1338,7,C D E F F笙ｯ A B
1339,8,C D笙ｭ D E F F笙ｯ A B
1340,7,C E笙ｭ E F F笙ｯ A B
1341,8,C D笙ｭ E笙ｭ E F F笙ｯ A B
1342,8,C D E笙ｭ E F F笙ｯ A B
1343,9,C D笙ｭ D E笙ｭ E F F笙ｯ A B
1344,4,C G A B
1345,5,C D笙ｭ G A B
1346,5,C D G A B
1347,6,C D笙ｭ D G A B
1348,5,C E笙ｭ G A B
1349,6,C D笙ｭ E笙ｭ G A B
1350,6,C D E笙ｭ G A B
1351,7,C D笙ｭ D E笙ｭ G A B
1352,5,C E G A B
1353,6,C D笙ｭ E G A B
1354,6,C D E G A B
1355,7,C D笙ｭ D E G A B
1356,6,C E笙ｭ E G A B
1357,7,C D笙ｭ E笙ｭ E G A B
1358,7,C D E笙ｭ E G A B
1359,8,C D笙ｭ D E笙ｭ E G A B
1360,5,C F G A B
1361,6,C D笙ｭ F G A B
1362,6,C D F G A B
1363,7,C D笙ｭ D F G A B
1364,6,C E笙ｭ F G A B
1365,7,C D笙ｭ E笙ｭ F G A B
1366,7,C D E笙ｭ F G A B
1367,8,C D笙ｭ D E笙ｭ F G A B
1368,6,C E F G A B
1369,7,C D笙ｭ E F G A B
1370,7,C D E F G A B
1371,8,C D笙ｭ D E F G A B
1372,7,C E笙ｭ E F G A B
1373,8,C D笙ｭ E笙ｭ E F G A B
1374,8,C D E笙ｭ E F G A B
1375,9,C D笙ｭ D E笙ｭ E F G A B
1376,5,C F笙ｯ G A B
1377,6,C D笙ｭ F笙ｯ G A B
1378,6,C D F笙ｯ G A B
1379,7,C D笙ｭ D F笙ｯ G A B
1380,6,C E笙ｭ F笙ｯ G A B
1381,7,C D笙ｭ E笙ｭ F笙ｯ G A B
1382,7,C D E笙ｭ F笙ｯ G A B
1383,8,C D笙ｭ D E笙ｭ F笙ｯ G A B
1384,6,C E F笙ｯ G A B
1385,7,C D笙ｭ E F笙ｯ G A B
1386,7,C D E F笙ｯ G A B
1387,8,C D笙ｭ D E F笙ｯ G A B
1388,7,C E笙ｭ E F笙ｯ G A B
1389,8,C D笙ｭ E笙ｭ E F笙ｯ G A B
1390,8,C D E笙ｭ E F笙ｯ G A B
1391,9,C D笙ｭ D E笙ｭ E F笙ｯ G A B
1392,6,C F F笙ｯ G A B
1393,7,C D笙ｭ F F笙ｯ G A B
1394,7,C D F F笙ｯ G A B
1395,8,C D笙ｭ D F F笙ｯ G A B
1396,7,C E笙ｭ F F笙ｯ G A B
1397,8,C D笙ｭ E笙ｭ F F笙ｯ G A B
1398,8,C D E笙ｭ F F笙ｯ G A B
1399,9,C D笙ｭ D E笙ｭ F F笙ｯ G A B
1400,7,C E F F笙ｯ G A B
1401,8,C D笙ｭ E F F笙ｯ G A B
1402,8,C D E F F笙ｯ G A B
1403,9,C D笙ｭ D E F F笙ｯ G A B
1404,8,C E笙ｭ E F F笙ｯ G A B
1405,9,C D笙ｭ E笙ｭ E F F笙ｯ G A B
1406,9,C D E笙ｭ E F F笙ｯ G A B
1407,10,C D笙ｭ D E笙ｭ E F F笙ｯ G A B
1408,4,C A笙ｭ A B
1409,5,C D笙ｭ A笙ｭ A B
1410,5,C D A笙ｭ A B
1411,6,C D笙ｭ D A笙ｭ A B
1412,5,C E笙ｭ A笙ｭ A B
1413,6,C D笙ｭ E笙ｭ A笙ｭ A B
1414,6,C D E笙ｭ A笙ｭ A B
1415,7,C D笙ｭ D E笙ｭ A笙ｭ A B
1416,5,C E A笙ｭ A B
1417,6,C D笙ｭ E A笙ｭ A B
1418,6,C D E A笙ｭ A B
1419,7,C D笙ｭ D E A笙ｭ A B
1420,6,C E笙ｭ E A笙ｭ A B
1421,7,C D笙ｭ E笙ｭ E A笙ｭ A B
1422,7,C D E笙ｭ E A笙ｭ A B
1423,8,C D笙ｭ D E笙ｭ E A笙ｭ A B
1424,5,C F A笙ｭ A B
1425,6,C D笙ｭ F A笙ｭ A B
1426,6,C D F A笙ｭ A B
1427,7,C D笙ｭ D F A笙ｭ A B
1428,6,C E笙ｭ F A笙ｭ A B
1429,7,C D笙ｭ E笙ｭ F A笙ｭ A B
1430,7,C D E笙ｭ F A笙ｭ A B
1431,8,C D笙ｭ D E笙ｭ F A笙ｭ A B
1432,6,C E F A笙ｭ A B
1433,7,C D笙ｭ E F A笙ｭ A B
1434,7,C D E F A笙ｭ A B
1435,8,C D笙ｭ D E F A笙ｭ A B
1436,7,C E笙ｭ E F A笙ｭ A B
1437,8,C D笙ｭ E笙ｭ E F A笙ｭ A B
1438,8,C D E笙ｭ E F A笙ｭ A B
1439,9,C D笙ｭ D E笙ｭ E F A笙ｭ A B
1440,5,C F笙ｯ A笙ｭ A B
1441,6,C D笙ｭ F笙ｯ A笙ｭ A B
1442,6,C D F笙ｯ A笙ｭ A B
1443,7,C D笙ｭ D F笙ｯ A笙ｭ A B
1444,6,C E笙ｭ F笙ｯ A笙ｭ A B
1445,7,C D笙ｭ E笙ｭ F笙ｯ A笙ｭ A B
1446,7,C D E笙ｭ F笙ｯ A笙ｭ A B
1447,8,C D笙ｭ D E笙ｭ F笙ｯ A笙ｭ A B
1448,6,C E F笙ｯ A笙ｭ A B
1449,7,C D笙ｭ E F笙ｯ A笙ｭ A B
1450,7,C D E F笙ｯ A笙ｭ A B
1451,8,C D笙ｭ D E F笙ｯ A笙ｭ A B
1452,7,C E笙ｭ E F笙ｯ A笙ｭ A B
1453,8,C D笙ｭ E笙ｭ E F笙ｯ A笙ｭ A B
1454,8,C D E笙ｭ E F笙ｯ A笙ｭ A B
1455,9,C D笙ｭ D E笙ｭ E F笙ｯ A笙ｭ A B
1456,6,C F F笙ｯ A笙ｭ A B
1457,7,C D笙ｭ F F笙ｯ A笙ｭ A B
1458,7,C D F F笙ｯ A笙ｭ A B
1459,8,C D笙ｭ D F F笙ｯ A笙ｭ A B
1460,7,C E笙ｭ F F笙ｯ A笙ｭ A B
1461,8,C D笙ｭ E笙ｭ F F笙ｯ A笙ｭ A B
1462,8,C D E笙ｭ F F笙ｯ A笙ｭ A B
1463,9,C D笙ｭ D E笙ｭ F F笙ｯ A笙ｭ A B
1464,7,C E F F笙ｯ A笙ｭ A B
1465,8,C D笙ｭ E F F笙ｯ A笙ｭ A B
1466,8,C D E F F笙ｯ A笙ｭ A B
1467,9,C D笙ｭ D E F F笙ｯ A笙ｭ A B
1468,8,C E笙ｭ E F F笙ｯ A笙ｭ A B
1469,9,C D笙ｭ E笙ｭ E F F笙ｯ A笙ｭ A B
1470,9,C D E笙ｭ E F F笙ｯ A笙ｭ A B
1471,10,C D笙ｭ D E笙ｭ E F F笙ｯ A笙ｭ A B
1472,5,C G A笙ｭ A B
1473,6,C D笙ｭ G A笙ｭ A B
1474,6,C D G A笙ｭ A B
1475,7,C D笙ｭ D G A笙ｭ A B
1476,6,C E笙ｭ G A笙ｭ A B
1477,7,C D笙ｭ E笙ｭ G A笙ｭ A B
1478,7,C D E笙ｭ G A笙ｭ A B
1479,8,C D笙ｭ D E笙ｭ G A笙ｭ A B
1480,6,C E G A笙ｭ A B
1481,7,C D笙ｭ E G A笙ｭ A B
1482,7,C D E G A笙ｭ A B
1483,8,C D笙ｭ D E G A笙ｭ A B
1484,7,C E笙ｭ E G A笙ｭ A B
1485,8,C D笙ｭ E笙ｭ E G A笙ｭ A B
1486,8,C D E笙ｭ E G A笙ｭ A B
1487,9,C D笙ｭ D E笙ｭ E G A笙ｭ A B
1488,6,C F G A笙ｭ A B
1489,7,C D笙ｭ F G A笙ｭ A B
1490,7,C D F G A笙ｭ A B
1491,8,C D笙ｭ D F G A笙ｭ A B
1492,7,C E笙ｭ F G A笙ｭ A B
1493,8,C D笙ｭ E笙ｭ F G A笙ｭ A B
1494,8,C D E笙ｭ F G A笙ｭ A B
1495,9,C D笙ｭ D E笙ｭ F G A笙ｭ A B
1496,7,C E F G A笙ｭ A B
1497,8,C D笙ｭ E F G A笙ｭ A B
1498,8,C D E F G A笙ｭ A B
1499,9,C D笙ｭ D E F G A笙ｭ A B
1500,8,C E笙ｭ E F G A笙ｭ A B
1501,9,C D笙ｭ E笙ｭ E F G A笙ｭ A B
1502,9,C D E笙ｭ E F G A笙ｭ A B
1503,10,C D笙ｭ D E笙ｭ E F G A笙ｭ A B
1504,6,C F笙ｯ G A笙ｭ A B
1505,7,C D笙ｭ F笙ｯ G A笙ｭ A B
1506,7,C D F笙ｯ G A笙ｭ A B
1507,8,C D笙ｭ D F笙ｯ G A笙ｭ A B
1508,7,C E笙ｭ F笙ｯ G A笙ｭ A B
1509,8,C D笙ｭ E笙ｭ F笙ｯ G A笙ｭ A B
1510,8,C D E笙ｭ F笙ｯ G A笙ｭ A B
1511,9,C D笙ｭ D E笙ｭ F笙ｯ G A笙ｭ A B
1512,7,C E F笙ｯ G A笙ｭ A B
1513,8,C D笙ｭ E F笙ｯ G A笙ｭ A B
1514,8,C D E F笙ｯ G A笙ｭ A B
1515,9,C D笙ｭ D E F笙ｯ G A笙ｭ A B
1516,8,C E笙ｭ E F笙ｯ G A笙ｭ A B
1517,9,C D笙ｭ E笙ｭ E F笙ｯ G A笙ｭ A B
1518,9,C D E笙ｭ E F笙ｯ G A笙ｭ A B
1519,10,C D笙ｭ D E笙ｭ E F笙ｯ G A笙ｭ A B
1520,7,C F F笙ｯ G A笙ｭ A B
1521,8,C D笙ｭ F F笙ｯ G A笙ｭ A B
1522,8,C D F F笙ｯ G A笙ｭ A B
1523,9,C D笙ｭ D F F笙ｯ G A笙ｭ A B
1524,8,C E笙ｭ F F笙ｯ G A笙ｭ A B
1525,9,C D笙ｭ E笙ｭ F F笙ｯ G A笙ｭ A B
1526,9,C D E笙ｭ F F笙ｯ G A笙ｭ A B
1527,10,C D笙ｭ D E笙ｭ F F笙ｯ G A笙ｭ A B
1528,8,C E F F笙ｯ G A笙ｭ A B
1529,9,C D笙ｭ E F F笙ｯ G A笙ｭ A B
1530,9,C D E F F笙ｯ G A笙ｭ A B
1531,10,C D笙ｭ D E F F笙ｯ G A笙ｭ A B
1532,9,C E笙ｭ E F F笙ｯ G A笙ｭ A B
1533,10,C D笙ｭ E笙ｭ E F F笙ｯ G A笙ｭ A B
1534,10,C D E笙ｭ E F F笙ｯ G A笙ｭ A B
1535,11,C D笙ｭ D E笙ｭ E F F笙ｯ G A笙ｭ A B
1536,3,C B笙ｭ B
1537,4,C D笙ｭ B笙ｭ B
1538,4,C D B笙ｭ B
1539,5,C D笙ｭ D B笙ｭ B
1540,4,C E笙ｭ B笙ｭ B
1541,5,C D笙ｭ E笙ｭ B笙ｭ B
1542,5,C D E笙ｭ B笙ｭ B
1543,6,C D笙ｭ D E笙ｭ B笙ｭ B
1544,4,C E B笙ｭ B
1545,5,C D笙ｭ E B笙ｭ B
1546,5,C D E B笙ｭ B
1547,6,C D笙ｭ D E B笙ｭ B
1548,5,C E笙ｭ E B笙ｭ B
1549,6,C D笙ｭ E笙ｭ E B笙ｭ B
1550,6,C D E笙ｭ E B笙ｭ B
1551,7,C D笙ｭ D E笙ｭ E B笙ｭ B
1552,4,C F B笙ｭ B
1553,5,C D笙ｭ F B笙ｭ B
1554,5,C D F B笙ｭ B
1555,6,C D笙ｭ D F B笙ｭ B
1556,5,C E笙ｭ F B笙ｭ B
1557,6,C D笙ｭ E笙ｭ F B笙ｭ B
1558,6,C D E笙ｭ F B笙ｭ B
1559,7,C D笙ｭ D E笙ｭ F B笙ｭ B
1560,5,C E F B笙ｭ B
1561,6,C D笙ｭ E F B笙ｭ B
1562,6,C D E F B笙ｭ B
1563,7,C D笙ｭ D E F B笙ｭ B
1564,6,C E笙ｭ E F B笙ｭ B
1565,7,C D笙ｭ E笙ｭ E F B笙ｭ B
1566,7,C D E笙ｭ E F B笙ｭ B
1567,8,C D笙ｭ D E笙ｭ E F B笙ｭ B
1568,4,C F笙ｯ B笙ｭ B
1569,5,C D笙ｭ F笙ｯ B笙ｭ B
1570,5,C D F笙ｯ B笙ｭ B
1571,6,C D笙ｭ D F笙ｯ B笙ｭ B
1572,5,C E笙ｭ F笙ｯ B笙ｭ B
1573,6,C D笙ｭ E笙ｭ F笙ｯ B笙ｭ B
1574,6,C D E笙ｭ F笙ｯ B笙ｭ B
1575,7,C D笙ｭ D E笙ｭ F笙ｯ B笙ｭ B
1576,5,C E F笙ｯ B笙ｭ B
1577,6,C D笙ｭ E F笙ｯ B笙ｭ B
1578,6,C D E F笙ｯ B笙ｭ B
1579,7,C D笙ｭ D E F笙ｯ B笙ｭ B
1580,6,C E笙ｭ E F笙ｯ B笙ｭ B
1581,7,C D笙ｭ E笙ｭ E F笙ｯ B笙ｭ B
1582,7,C D E笙ｭ E F笙ｯ B笙ｭ B
1583,8,C D笙ｭ D E笙ｭ E F笙ｯ B笙ｭ B
1584,5,C F F笙ｯ B笙ｭ B
1585,6,C D笙ｭ F F笙ｯ B笙ｭ B
1586,6,C D F F笙ｯ B笙ｭ B
1587,7,C D笙ｭ D F F笙ｯ B笙ｭ B
1588,6,C E笙ｭ F F笙ｯ B笙ｭ B
1589,7,C D笙ｭ E笙ｭ F F笙ｯ B笙ｭ B
1590,7,C D E笙ｭ F F笙ｯ B笙ｭ B
1591,8,C D笙ｭ D E笙ｭ F F笙ｯ B笙ｭ B
1592,6,C E F F笙ｯ B笙ｭ B
1593,7,C D笙ｭ E F F笙ｯ B笙ｭ B
1594,7,C D E F F笙ｯ B笙ｭ B
1595,8,C D笙ｭ D E F F笙ｯ B笙ｭ B
1596,7,C E笙ｭ E F F笙ｯ B笙ｭ B
1597,8,C D笙ｭ E笙ｭ E F F笙ｯ B笙ｭ B
1598,8,C D E笙ｭ E F F笙ｯ B笙ｭ B
1599,9,C D笙ｭ D E笙ｭ E F F笙ｯ B笙ｭ B
1600,4,C G B笙ｭ B
1601,5,C D笙ｭ G B笙ｭ B
1602,5,C D G B笙ｭ B
1603,6,C D笙ｭ D G B笙ｭ B
1604,5,C E笙ｭ G B笙ｭ B
1605,6,C D笙ｭ E笙ｭ G B笙ｭ B
1606,6,C D E笙ｭ G B笙ｭ B
1607,7,C D笙ｭ D E笙ｭ G B笙ｭ B
1608,5,C E G B笙ｭ B
1609,6,C D笙ｭ E G B笙ｭ B
1610,6,C D E G B笙ｭ B
1611,7,C D笙ｭ D E G B笙ｭ B
1612,6,C E笙ｭ E G B笙ｭ B
1613,7,C D笙ｭ E笙ｭ E G B笙ｭ B
1614,7,C D E笙ｭ E G B笙ｭ B
1615,8,C D笙ｭ D E笙ｭ E G B笙ｭ B
1616,5,C F G B笙ｭ B
1617,6,C D笙ｭ F G B笙ｭ B
1618,6,C D F G B笙ｭ B
1619,7,C D笙ｭ D F G B笙ｭ B
1620,6,C E笙ｭ F G B笙ｭ B
1621,7,C D笙ｭ E笙ｭ F G B笙ｭ B
1622,7,C D E笙ｭ F G B笙ｭ B
1623,8,C D笙ｭ D E笙ｭ F G B笙ｭ B
1624,6,C E F G B笙ｭ B
1625,7,C D笙ｭ E F G B笙ｭ B
1626,7,C D E F G B笙ｭ B
1627,8,C D笙ｭ D E F G B笙ｭ B
1628,7,C E笙ｭ E F G B笙ｭ B
1629,8,C D笙ｭ E笙ｭ E F G B笙ｭ B
1630,8,C D E笙ｭ E F G B笙ｭ B
1631,9,C D笙ｭ D E笙ｭ E F G B笙ｭ B
1632,5,C F笙ｯ G B笙ｭ B
1633,6,C D笙ｭ F笙ｯ G B笙ｭ B
1634,6,C D F笙ｯ G B笙ｭ B
1635,7,C D笙ｭ D F笙ｯ G B笙ｭ B
1636,6,C E笙ｭ F笙ｯ G B笙ｭ B
1637,7,C D笙ｭ E笙ｭ F笙ｯ G B笙ｭ B
1638,7,C D E笙ｭ F笙ｯ G B笙ｭ B
1639,8,C D笙ｭ D E笙ｭ F笙ｯ G B笙ｭ B
1640,6,C E F笙ｯ G B笙ｭ B
1641,7,C D笙ｭ E F笙ｯ G B笙ｭ B
1642,7,C D E F笙ｯ G B笙ｭ B
1643,8,C D笙ｭ D E F笙ｯ G B笙ｭ B
1644,7,C E笙ｭ E F笙ｯ G B笙ｭ B
1645,8,C D笙ｭ E笙ｭ E F笙ｯ G B笙ｭ B
1646,8,C D E笙ｭ E F笙ｯ G B笙ｭ B
1647,9,C D笙ｭ D E笙ｭ E F笙ｯ G B笙ｭ B
1648,6,C F F笙ｯ G B笙ｭ B
1649,7,C D笙ｭ F F笙ｯ G B笙ｭ B
1650,7,C D F F笙ｯ G B笙ｭ B
1651,8,C D笙ｭ D F F笙ｯ G B笙ｭ B
1652,7,C E笙ｭ F F笙ｯ G B笙ｭ B
1653,8,C D笙ｭ E笙ｭ F F笙ｯ G B笙ｭ B
1654,8,C D E笙ｭ F F笙ｯ G B笙ｭ B
1655,9,C D笙ｭ D E笙ｭ F F笙ｯ G B笙ｭ B
1656,7,C E F F笙ｯ G B笙ｭ B
1657,8,C D笙ｭ E F F笙ｯ G B笙ｭ B
1658,8,C D E F F笙ｯ G B笙ｭ B
1659,9,C D笙ｭ D E F F笙ｯ G B笙ｭ B
1660,8,C E笙ｭ E F F笙ｯ G B笙ｭ B
1661,9,C D笙ｭ E笙ｭ E F F笙ｯ G B笙ｭ B
1662,9,C D E笙ｭ E F F笙ｯ G B笙ｭ B
1663,10,C D笙ｭ D E笙ｭ E F F笙ｯ G B笙ｭ B
1664,4,C A笙ｭ B笙ｭ B
1665,5,C D笙ｭ A笙ｭ B笙ｭ B
1666,5,C D A笙ｭ B笙ｭ B
1667,6,C D笙ｭ D A笙ｭ B笙ｭ B
1668,5,C E笙ｭ A笙ｭ B笙ｭ B
1669,6,C D笙ｭ E笙ｭ A笙ｭ B笙ｭ B
1670,6,C D E笙ｭ A笙ｭ B笙ｭ B
1671,7,C D笙ｭ D E笙ｭ A笙ｭ B笙ｭ B
1672,5,C E A笙ｭ B笙ｭ B
1673,6,C D笙ｭ E A笙ｭ B笙ｭ B
1674,6,C D E A笙ｭ B笙ｭ B
1675,7,C D笙ｭ D E A笙ｭ B笙ｭ B
1676,6,C E笙ｭ E A笙ｭ B笙ｭ B
1677,7,C D笙ｭ E笙ｭ E A笙ｭ B笙ｭ B
1678,7,C D E笙ｭ E A笙ｭ B笙ｭ B
1679,8,C D笙ｭ D E笙ｭ E A笙ｭ B笙ｭ B
1680,5,C F A笙ｭ B笙ｭ B
1681,6,C D笙ｭ F A笙ｭ B笙ｭ B
1682,6,C D F A笙ｭ B笙ｭ B
1683,7,C D笙ｭ D F A笙ｭ B笙ｭ B
1684,6,C E笙ｭ F A笙ｭ B笙ｭ B
1685,7,C D笙ｭ E笙ｭ F A笙ｭ B笙ｭ B
1686,7,C D E笙ｭ F A笙ｭ B笙ｭ B
1687,8,C D笙ｭ D E笙ｭ F A笙ｭ B笙ｭ B
1688,6,C E F A笙ｭ B笙ｭ B
1689,7,C D笙ｭ E F A笙ｭ B笙ｭ B
1690,7,C D E F A笙ｭ B笙ｭ B
1691,8,C D笙ｭ D E F A笙ｭ B笙ｭ B
1692,7,C E笙ｭ E F A笙ｭ B笙ｭ B
1693,8,C D笙ｭ E笙ｭ E F A笙ｭ B笙ｭ B
1694,8,C D E笙ｭ E F A笙ｭ B笙ｭ B
1695,9,C D笙ｭ D E笙ｭ E F A笙ｭ B笙ｭ B
1696,5,C F笙ｯ A笙ｭ B笙ｭ B
1697,6,C D笙ｭ F笙ｯ A笙ｭ B笙ｭ B
1698,6,C D F笙ｯ A笙ｭ B笙ｭ B
1699,7,C D笙ｭ D F笙ｯ A笙ｭ B笙ｭ B
1700,6,C E笙ｭ F笙ｯ A笙ｭ B笙ｭ B
1701,7,C D笙ｭ E笙ｭ F笙ｯ A笙ｭ B笙ｭ B
1702,7,C D E笙ｭ F笙ｯ A笙ｭ B笙ｭ B
1703,8,C D笙ｭ D E笙ｭ F笙ｯ A笙ｭ B笙ｭ B
1704,6,C E F笙ｯ A笙ｭ B笙ｭ B
1705,7,C D笙ｭ E F笙ｯ A笙ｭ B笙ｭ B
1706,7,C D E F笙ｯ A笙ｭ B笙ｭ B
1707,8,C D笙ｭ D E F笙ｯ A笙ｭ B笙ｭ B
1708,7,C E笙ｭ E F笙ｯ A笙ｭ B笙ｭ B
1709,8,C D笙ｭ E笙ｭ E F笙ｯ A笙ｭ B笙ｭ B
1710,8,C D E笙ｭ E F笙ｯ A笙ｭ B笙ｭ B
1711,9,C D笙ｭ D E笙ｭ E F笙ｯ A笙ｭ B笙ｭ B
1712,6,C F F笙ｯ A笙ｭ B笙ｭ B
1713,7,C D笙ｭ F F笙ｯ A笙ｭ B笙ｭ B
1714,7,C D F F笙ｯ A笙ｭ B笙ｭ B
1715,8,C D笙ｭ D F F笙ｯ A笙ｭ B笙ｭ B
1716,7,C E笙ｭ F F笙ｯ A笙ｭ B笙ｭ B
1717,8,C D笙ｭ E笙ｭ F F笙ｯ A笙ｭ B笙ｭ B
1718,8,C D E笙ｭ F F笙ｯ A笙ｭ B笙ｭ B
1719,9,C D笙ｭ D E笙ｭ F F笙ｯ A笙ｭ B笙ｭ B
1720,7,C E F F笙ｯ A笙ｭ B笙ｭ B
1721,8,C D笙ｭ E F F笙ｯ A笙ｭ B笙ｭ B
1722,8,C D E F F笙ｯ A笙ｭ B笙ｭ B
1723,9,C D笙ｭ D E F F笙ｯ A笙ｭ B笙ｭ B
1724,8,C E笙ｭ E F F笙ｯ A笙ｭ B笙ｭ B
1725,9,C D笙ｭ E笙ｭ E F F笙ｯ A笙ｭ B笙ｭ B
1726,9,C D E笙ｭ E F F笙ｯ A笙ｭ B笙ｭ B
1727,10,C D笙ｭ D E笙ｭ E F F笙ｯ A笙ｭ B笙ｭ B
1728,5,C G A笙ｭ B笙ｭ B
1729,6,C D笙ｭ G A笙ｭ B笙ｭ B
1730,6,C D G A笙ｭ B笙ｭ B
1731,7,C D笙ｭ D G A笙ｭ B笙ｭ B
1732,6,C E笙ｭ G A笙ｭ B笙ｭ B
1733,7,C D笙ｭ E笙ｭ G A笙ｭ B笙ｭ B
1734,7,C D E笙ｭ G A笙ｭ B笙ｭ B
1735,8,C D笙ｭ D E笙ｭ G A笙ｭ B笙ｭ B
1736,6,C E G A笙ｭ B笙ｭ B
1737,7,C D笙ｭ E G A笙ｭ B笙ｭ B
1738,7,C D E G A笙ｭ B笙ｭ B
1739,8,C D笙ｭ D E G A笙ｭ B笙ｭ B
1740,7,C E笙ｭ E G A笙ｭ B笙ｭ B
1741,8,C D笙ｭ E笙ｭ E G A笙ｭ B笙ｭ B
1742,8,C D E笙ｭ E G A笙ｭ B笙ｭ B
1743,9,C D笙ｭ D E笙ｭ E G A笙ｭ B笙ｭ B
1744,6,C F G A笙ｭ B笙ｭ B
1745,7,C D笙ｭ F G A笙ｭ B笙ｭ B
1746,7,C D F G A笙ｭ B笙ｭ B
1747,8,C D笙ｭ D F G A笙ｭ B笙ｭ B
1748,7,C E笙ｭ F G A笙ｭ B笙ｭ B
1749,8,C D笙ｭ E笙ｭ F G A笙ｭ B笙ｭ B
1750,8,C D E笙ｭ F G A笙ｭ B笙ｭ B
1751,9,C D笙ｭ D E笙ｭ F G A笙ｭ B笙ｭ B
1752,7,C E F G A笙ｭ B笙ｭ B
1753,8,C D笙ｭ E F G A笙ｭ B笙ｭ B
1754,8,C D E F G A笙ｭ B笙ｭ B
1755,9,C D笙ｭ D E F G A笙ｭ B笙ｭ B
1756,8,C E笙ｭ E F G A笙ｭ B笙ｭ B
1757,9,C D笙ｭ E笙ｭ E F G A笙ｭ B笙ｭ B
1758,9,C D E笙ｭ E F G A笙ｭ B笙ｭ B
1759,10,C D笙ｭ D E笙ｭ E F G A笙ｭ B笙ｭ B
1760,6,C F笙ｯ G A笙ｭ B笙ｭ B
1761,7,C D笙ｭ F笙ｯ G A笙ｭ B笙ｭ B
1762,7,C D F笙ｯ G A笙ｭ B笙ｭ B
1763,8,C D笙ｭ D F笙ｯ G A笙ｭ B笙ｭ B
1764,7,C E笙ｭ F笙ｯ G A笙ｭ B笙ｭ B
1765,8,C D笙ｭ E笙ｭ F笙ｯ G A笙ｭ B笙ｭ B
1766,8,C D E笙ｭ F笙ｯ G A笙ｭ B笙ｭ B
1767,9,C D笙ｭ D E笙ｭ F笙ｯ G A笙ｭ B笙ｭ B
1768,7,C E F笙ｯ G A笙ｭ B笙ｭ B
1769,8,C D笙ｭ E F笙ｯ G A笙ｭ B笙ｭ B
1770,8,C D E F笙ｯ G A笙ｭ B笙ｭ B
1771,9,C D笙ｭ D E F笙ｯ G A笙ｭ B笙ｭ B
1772,8,C E笙ｭ E F笙ｯ G A笙ｭ B笙ｭ B
1773,9,C D笙ｭ E笙ｭ E F笙ｯ G A笙ｭ B笙ｭ B
1774,9,C D E笙ｭ E F笙ｯ G A笙ｭ B笙ｭ B
1775,10,C D笙ｭ D E笙ｭ E F笙ｯ G A笙ｭ B笙ｭ B
1776,7,C F F笙ｯ G A笙ｭ B笙ｭ B
1777,8,C D笙ｭ F F笙ｯ G A笙ｭ B笙ｭ B
1778,8,C D F F笙ｯ G A笙ｭ B笙ｭ B
1779,9,C D笙ｭ D F F笙ｯ G A笙ｭ B笙ｭ B
1780,8,C E笙ｭ F F笙ｯ G A笙ｭ B笙ｭ B
1781,9,C D笙ｭ E笙ｭ F F笙ｯ G A笙ｭ B笙ｭ B
1782,9,C D E笙ｭ F F笙ｯ G A笙ｭ B笙ｭ B
1783,10,C D笙ｭ D E笙ｭ F F笙ｯ G A笙ｭ B笙ｭ B
1784,8,C E F F笙ｯ G A笙ｭ B笙ｭ B
1785,9,C D笙ｭ E F F笙ｯ G A笙ｭ B笙ｭ B
1786,9,C D E F F笙ｯ G A笙ｭ B笙ｭ B
1787,10,C D笙ｭ D E F F笙ｯ G A笙ｭ B笙ｭ B
1788,9,C E笙ｭ E F F笙ｯ G A笙ｭ B笙ｭ B
1789,10,C D笙ｭ E笙ｭ E F F笙ｯ G A笙ｭ B笙ｭ B
1790,10,C D E笙ｭ E F F笙ｯ G A笙ｭ B笙ｭ B
1791,11,C D笙ｭ D E笙ｭ E F F笙ｯ G A笙ｭ B笙ｭ B
1792,4,C A B笙ｭ B
1793,5,C D笙ｭ A B笙ｭ B
1794,5,C D A B笙ｭ B
1795,6,C D笙ｭ D A B笙ｭ B
1796,5,C E笙ｭ A B笙ｭ B
1797,6,C D笙ｭ E笙ｭ A B笙ｭ B
1798,6,C D E笙ｭ A B笙ｭ B
1799,7,C D笙ｭ D E笙ｭ A B笙ｭ B
1800,5,C E A B笙ｭ B
1801,6,C D笙ｭ E A B笙ｭ B
1802,6,C D E A B笙ｭ B
1803,7,C D笙ｭ D E A B笙ｭ B
1804,6,C E笙ｭ E A B笙ｭ B
1805,7,C D笙ｭ E笙ｭ E A B笙ｭ B
1806,7,C D E笙ｭ E A B笙ｭ B
1807,8,C D笙ｭ D E笙ｭ E A B笙ｭ B
1808,5,C F A B笙ｭ B
1809,6,C D笙ｭ F A B笙ｭ B
1810,6,C D F A B笙ｭ B
1811,7,C D笙ｭ D F A B笙ｭ B
1812,6,C E笙ｭ F A B笙ｭ B
1813,7,C D笙ｭ E笙ｭ F A B笙ｭ B
1814,7,C D E笙ｭ F A B笙ｭ B
1815,8,C D笙ｭ D E笙ｭ F A B笙ｭ B
1816,6,C E F A B笙ｭ B
1817,7,C D笙ｭ E F A B笙ｭ B
1818,7,C D E F A B笙ｭ B
1819,8,C D笙ｭ D E F A B笙ｭ B
1820,7,C E笙ｭ E F A B笙ｭ B
1821,8,C D笙ｭ E笙ｭ E F A B笙ｭ B
1822,8,C D E笙ｭ E F A B笙ｭ B
1823,9,C D笙ｭ D E笙ｭ E F A B笙ｭ B
1824,5,C F笙ｯ A B笙ｭ B
1825,6,C D笙ｭ F笙ｯ A B笙ｭ B
1826,6,C D F笙ｯ A B笙ｭ B
1827,7,C D笙ｭ D F笙ｯ A B笙ｭ B
1828,6,C E笙ｭ F笙ｯ A B笙ｭ B
1829,7,C D笙ｭ E笙ｭ F笙ｯ A B笙ｭ B
1830,7,C D E笙ｭ F笙ｯ A B笙ｭ B
1831,8,C D笙ｭ D E笙ｭ F笙ｯ A B笙ｭ B
1832,6,C E F笙ｯ A B笙ｭ B
1833,7,C D笙ｭ E F笙ｯ A B笙ｭ B
1834,7,C D E F笙ｯ A B笙ｭ B
1835,8,C D笙ｭ D E F笙ｯ A B笙ｭ B
1836,7,C E笙ｭ E F笙ｯ A B笙ｭ B
1837,8,C D笙ｭ E笙ｭ E F笙ｯ A B笙ｭ B
1838,8,C D E笙ｭ E F笙ｯ A B笙ｭ B
1839,9,C D笙ｭ D E笙ｭ E F笙ｯ A B笙ｭ B
1840,6,C F F笙ｯ A B笙ｭ B
1841,7,C D笙ｭ F F笙ｯ A B笙ｭ B
1842,7,C D F F笙ｯ A B笙ｭ B
1843,8,C D笙ｭ D F F笙ｯ A B笙ｭ B
1844,7,C E笙ｭ F F笙ｯ A B笙ｭ B
1845,8,C D笙ｭ E笙ｭ F F笙ｯ A B笙ｭ B
1846,8,C D E笙ｭ F F笙ｯ A B笙ｭ B
1847,9,C D笙ｭ D E笙ｭ F F笙ｯ A B笙ｭ B
1848,7,C E F F笙ｯ A B笙ｭ B
1849,8,C D笙ｭ E F F笙ｯ A B笙ｭ B
1850,8,C D E F F笙ｯ A B笙ｭ B
1851,9,C D笙ｭ D E F F笙ｯ A B笙ｭ B
1852,8,C E笙ｭ E F F笙ｯ A B笙ｭ B
1853,9,C D笙ｭ E笙ｭ E F F笙ｯ A B笙ｭ B
1854,9,C D E笙ｭ E F F笙ｯ A B笙ｭ B
1855,10,C D笙ｭ D E笙ｭ E F F笙ｯ A B笙ｭ B
1856,5,C G A B笙ｭ B
1857,6,C D笙ｭ G A B笙ｭ B
1858,6,C D G A B笙ｭ B
1859,7,C D笙ｭ D G A B笙ｭ B
1860,6,C E笙ｭ G A B笙ｭ B
1861,7,C D笙ｭ E笙ｭ G A B笙ｭ B
1862,7,C D E笙ｭ G A B笙ｭ B
1863,8,C D笙ｭ D E笙ｭ G A B笙ｭ B
1864,6,C E G A B笙ｭ B
1865,7,C D笙ｭ E G A B笙ｭ B
1866,7,C D E G A B笙ｭ B
1867,8,C D笙ｭ D E G A B笙ｭ B
1868,7,C E笙ｭ E G A B笙ｭ B
1869,8,C D笙ｭ E笙ｭ E G A B笙ｭ B
1870,8,C D E笙ｭ E G A B笙ｭ B
1871,9,C D笙ｭ D E笙ｭ E G A B笙ｭ B
1872,6,C F G A B笙ｭ B
1873,7,C D笙ｭ F G A B笙ｭ B
1874,7,C D F G A B笙ｭ B
1875,8,C D笙ｭ D F G A B笙ｭ B
1876,7,C E笙ｭ F G A B笙ｭ B
1877,8,C D笙ｭ E笙ｭ F G A B笙ｭ B
1878,8,C D E笙ｭ F G A B笙ｭ B
1879,9,C D笙ｭ D E笙ｭ F G A B笙ｭ B
1880,7,C E F G A B笙ｭ B
1881,8,C D笙ｭ E F G A B笙ｭ B
1882,8,C D E F G A B笙ｭ B
1883,9,C D笙ｭ D E F G A B笙ｭ B
1884,8,C E笙ｭ E F G A B笙ｭ B
1885,9,C D笙ｭ E笙ｭ E F G A B笙ｭ B
1886,9,C D E笙ｭ E F G A B笙ｭ B
1887,10,C D笙ｭ D E笙ｭ E F G A B笙ｭ B
1888,6,C F笙ｯ G A B笙ｭ B
1889,7,C D笙ｭ F笙ｯ G A B笙ｭ B
1890,7,C D F笙ｯ G A B笙ｭ B
1891,8,C D笙ｭ D F笙ｯ G A B笙ｭ B
1892,7,C E笙ｭ F笙ｯ G A B笙ｭ B
1893,8,C D笙ｭ E笙ｭ F笙ｯ G A B笙ｭ B
1894,8,C D E笙ｭ F笙ｯ G A B笙ｭ B
1895,9,C D笙ｭ D E笙ｭ F笙ｯ G A B笙ｭ B
1896,7,C E F笙ｯ G A B笙ｭ B
1897,8,C D笙ｭ E F笙ｯ G A B笙ｭ B
1898,8,C D E F笙ｯ G A B笙ｭ B
1899,9,C D笙ｭ D E F笙ｯ G A B笙ｭ B
1900,8,C E笙ｭ E F笙ｯ G A B笙ｭ B
1901,9,C D笙ｭ E笙ｭ E F笙ｯ G A B笙ｭ B
1902,9,C D E笙ｭ E F笙ｯ G A B笙ｭ B
1903,10,C D笙ｭ D E笙ｭ E F笙ｯ G A B笙ｭ B
1904,7,C F F笙ｯ G A B笙ｭ B
1905,8,C D笙ｭ F F笙ｯ G A B笙ｭ B
1906,8,C D F F笙ｯ G A B笙ｭ B
1907,9,C D笙ｭ D F F笙ｯ G A B笙ｭ B
1908,8,C E笙ｭ F F笙ｯ G A B笙ｭ B
1909,9,C D笙ｭ E笙ｭ F F笙ｯ G A B笙ｭ B
1910,9,C D E笙ｭ F F笙ｯ G A B笙ｭ B
1911,10,C D笙ｭ D E笙ｭ F F笙ｯ G A B笙ｭ B
1912,8,C E F F笙ｯ G A B笙ｭ B
1913,9,C D笙ｭ E F F笙ｯ G A B笙ｭ B
1914,9,C D E F F笙ｯ G A B笙ｭ B
1915,10,C D笙ｭ D E F F笙ｯ G A B笙ｭ B
1916,9,C E笙ｭ E F F笙ｯ G A B笙ｭ B
1917,10,C D笙ｭ E笙ｭ E F F笙ｯ G A B笙ｭ B
1918,10,C D E笙ｭ E F F笙ｯ G A B笙ｭ B
1919,11,C D笙ｭ D E笙ｭ E F F笙ｯ G A B笙ｭ B
1920,5,C A笙ｭ A B笙ｭ B
1921,6,C D笙ｭ A笙ｭ A B笙ｭ B
1922,6,C D A笙ｭ A B笙ｭ B
1923,7,C D笙ｭ D A笙ｭ A B笙ｭ B
1924,6,C E笙ｭ A笙ｭ A B笙ｭ B
1925,7,C D笙ｭ E笙ｭ A笙ｭ A B笙ｭ B
1926,7,C D E笙ｭ A笙ｭ A B笙ｭ B
1927,8,C D笙ｭ D E笙ｭ A笙ｭ A B笙ｭ B
1928,6,C E A笙ｭ A B笙ｭ B
1929,7,C D笙ｭ E A笙ｭ A B笙ｭ B
1930,7,C D E A笙ｭ A B笙ｭ B
1931,8,C D笙ｭ D E A笙ｭ A B笙ｭ B
1932,7,C E笙ｭ E A笙ｭ A B笙ｭ B
1933,8,C D笙ｭ E笙ｭ E A笙ｭ A B笙ｭ B
1934,8,C D E笙ｭ E A笙ｭ A B笙ｭ B
1935,9,C D笙ｭ D E笙ｭ E A笙ｭ A B笙ｭ B
1936,6,C F A笙ｭ A B笙ｭ B
1937,7,C D笙ｭ F A笙ｭ A B笙ｭ B
1938,7,C D F A笙ｭ A B笙ｭ B
1939,8,C D笙ｭ D F A笙ｭ A B笙ｭ B
1940,7,C E笙ｭ F A笙ｭ A B笙ｭ B
1941,8,C D笙ｭ E笙ｭ F A笙ｭ A B笙ｭ B
1942,8,C D E笙ｭ F A笙ｭ A B笙ｭ B
1943,9,C D笙ｭ D E笙ｭ F A笙ｭ A B笙ｭ B
1944,7,C E F A笙ｭ A B笙ｭ B
1945,8,C D笙ｭ E F A笙ｭ A B笙ｭ B
1946,8,C D E F A笙ｭ A B笙ｭ B
1947,9,C D笙ｭ D E F A笙ｭ A B笙ｭ B
1948,8,C E笙ｭ E F A笙ｭ A B笙ｭ B
1949,9,C D笙ｭ E笙ｭ E F A笙ｭ A B笙ｭ B
1950,9,C D E笙ｭ E F A笙ｭ A B笙ｭ B
1951,10,C D笙ｭ D E笙ｭ E F A笙ｭ A B笙ｭ B
1952,6,C F笙ｯ A笙ｭ A B笙ｭ B
1953,7,C D笙ｭ F笙ｯ A笙ｭ A B笙ｭ B
1954,7,C D F笙ｯ A笙ｭ A B笙ｭ B
1955,8,C D笙ｭ D F笙ｯ A笙ｭ A B笙ｭ B
1956,7,C E笙ｭ F笙ｯ A笙ｭ A B笙ｭ B
1957,8,C D笙ｭ E笙ｭ F笙ｯ A笙ｭ A B笙ｭ B
1958,8,C D E笙ｭ F笙ｯ A笙ｭ A B笙ｭ B
1959,9,C D笙ｭ D E笙ｭ F笙ｯ A笙ｭ A B笙ｭ B
1960,7,C E F笙ｯ A笙ｭ A B笙ｭ B
1961,8,C D笙ｭ E F笙ｯ A笙ｭ A B笙ｭ B
1962,8,C D E F笙ｯ A笙ｭ A B笙ｭ B
1963,9,C D笙ｭ D E F笙ｯ A笙ｭ A B笙ｭ B
1964,8,C E笙ｭ E F笙ｯ A笙ｭ A B笙ｭ B
1965,9,C D笙ｭ E笙ｭ E F笙ｯ A笙ｭ A B笙ｭ B
1966,9,C D E笙ｭ E F笙ｯ A笙ｭ A B笙ｭ B
1967,10,C D笙ｭ D E笙ｭ E F笙ｯ A笙ｭ A B笙ｭ B
1968,7,C F F笙ｯ A笙ｭ A B笙ｭ B
1969,8,C D笙ｭ F F笙ｯ A笙ｭ A B笙ｭ B
1970,8,C D F F笙ｯ A笙ｭ A B笙ｭ B
1971,9,C D笙ｭ D F F笙ｯ A笙ｭ A B笙ｭ B
1972,8,C E笙ｭ F F笙ｯ A笙ｭ A B笙ｭ B
1973,9,C D笙ｭ E笙ｭ F F笙ｯ A笙ｭ A B笙ｭ B
1974,9,C D E笙ｭ F F笙ｯ A笙ｭ A B笙ｭ B
1975,10,C D笙ｭ D E笙ｭ F F笙ｯ A笙ｭ A B笙ｭ B
1976,8,C E F F笙ｯ A笙ｭ A B笙ｭ B
1977,9,C D笙ｭ E F F笙ｯ A笙ｭ A B笙ｭ B
1978,9,C D E F F笙ｯ A笙ｭ A B笙ｭ B
1979,10,C D笙ｭ D E F F笙ｯ A笙ｭ A B笙ｭ B
1980,9,C E笙ｭ E F F笙ｯ A笙ｭ A B笙ｭ B
1981,10,C D笙ｭ E笙ｭ E F F笙ｯ A笙ｭ A B笙ｭ B
1982,10,C D E笙ｭ E F F笙ｯ A笙ｭ A B笙ｭ B
1983,11,C D笙ｭ D E笙ｭ E F F笙ｯ A笙ｭ A B笙ｭ B
1984,6,C G A笙ｭ A B笙ｭ B
1985,7,C D笙ｭ G A笙ｭ A B笙ｭ B
1986,7,C D G A笙ｭ A B笙ｭ B
1987,8,C D笙ｭ D G A笙ｭ A B笙ｭ B
1988,7,C E笙ｭ G A笙ｭ A B笙ｭ B
1989,8,C D笙ｭ E笙ｭ G A笙ｭ A B笙ｭ B
1990,8,C D E笙ｭ G A笙ｭ A B笙ｭ B
1991,9,C D笙ｭ D E笙ｭ G A笙ｭ A B笙ｭ B
1992,7,C E G A笙ｭ A B笙ｭ B
1993,8,C D笙ｭ E G A笙ｭ A B笙ｭ B
1994,8,C D E G A笙ｭ A B笙ｭ B
1995,9,C D笙ｭ D E G A笙ｭ A B笙ｭ B
1996,8,C E笙ｭ E G A笙ｭ A B笙ｭ B
1997,9,C D笙ｭ E笙ｭ E G A笙ｭ A B笙ｭ B
1998,9,C D E笙ｭ E G A笙ｭ A B笙ｭ B
1999,10,C D笙ｭ D E笙ｭ E G A笙ｭ A B笙ｭ B
2000,7,C F G A笙ｭ A B笙ｭ B
2001,8,C D笙ｭ F G A笙ｭ A B笙ｭ B
2002,8,C D F G A笙ｭ A B笙ｭ B
2003,9,C D笙ｭ D F G A笙ｭ A B笙ｭ B
2004,8,C E笙ｭ F G A笙ｭ A B笙ｭ B
2005,9,C D笙ｭ E笙ｭ F G A笙ｭ A B笙ｭ B
2006,9,C D E笙ｭ F G A笙ｭ A B笙ｭ B
2007,10,C D笙ｭ D E笙ｭ F G A笙ｭ A B笙ｭ B
2008,8,C E F G A笙ｭ A B笙ｭ B
2009,9,C D笙ｭ E F G A笙ｭ A B笙ｭ B
2010,9,C D E F G A笙ｭ A B笙ｭ B
2011,10,C D笙ｭ D E F G A笙ｭ A B笙ｭ B
2012,9,C E笙ｭ E F G A笙ｭ A B笙ｭ B
2013,10,C D笙ｭ E笙ｭ E F G A笙ｭ A B笙ｭ B
2014,10,C D E笙ｭ E F G A笙ｭ A B笙ｭ B
2015,11,C D笙ｭ D E笙ｭ E F G A笙ｭ A B笙ｭ B
2016,7,C F笙ｯ G A笙ｭ A B笙ｭ B
2017,8,C D笙ｭ F笙ｯ G A笙ｭ A B笙ｭ B
2018,8,C D F笙ｯ G A笙ｭ A B笙ｭ B
2019,9,C D笙ｭ D F笙ｯ G A笙ｭ A B笙ｭ B
2020,8,C E笙ｭ F笙ｯ G A笙ｭ A B笙ｭ B
2021,9,C D笙ｭ E笙ｭ F笙ｯ G A笙ｭ A B笙ｭ B
2022,9,C D E笙ｭ F笙ｯ G A笙ｭ A B笙ｭ B
2023,10,C D笙ｭ D E笙ｭ F笙ｯ G A笙ｭ A B笙ｭ B
2024,8,C E F笙ｯ G A笙ｭ A B笙ｭ B
2025,9,C D笙ｭ E F笙ｯ G A笙ｭ A B笙ｭ B
2026,9,C D E F笙ｯ G A笙ｭ A B笙ｭ B
2027,10,C D笙ｭ D E F笙ｯ G A笙ｭ A B笙ｭ B
2028,9,C E笙ｭ E F笙ｯ G A笙ｭ A B笙ｭ B
2029,10,C D笙ｭ E笙ｭ E F笙ｯ G A笙ｭ A B笙ｭ B
2030,10,C D E笙ｭ E F笙ｯ G A笙ｭ A B笙ｭ B
2031,11,C D笙ｭ D E笙ｭ E F笙ｯ G A笙ｭ A B笙ｭ B
2032,8,C F F笙ｯ G A笙ｭ A B笙ｭ B
2033,9,C D笙ｭ F F笙ｯ G A笙ｭ A B笙ｭ B
2034,9,C D F F笙ｯ G A笙ｭ A B笙ｭ B
2035,10,C D笙ｭ D F F笙ｯ G A笙ｭ A B笙ｭ B
2036,9,C E笙ｭ F F笙ｯ G A笙ｭ A B笙ｭ B
2037,10,C D笙ｭ E笙ｭ F F笙ｯ G A笙ｭ A B笙ｭ B
2038,10,C D E笙ｭ F F笙ｯ G A笙ｭ A B笙ｭ B
2039,11,C D笙ｭ D E笙ｭ F F笙ｯ G A笙ｭ A B笙ｭ B
2040,9,C E F F笙ｯ G A笙ｭ A B笙ｭ B
2041,10,C D笙ｭ E F F笙ｯ G A笙ｭ A B笙ｭ B
2042,10,C D E F F笙ｯ G A笙ｭ A B笙ｭ B
2043,11,C D笙ｭ D E F F笙ｯ G A笙ｭ A B笙ｭ B
2044,10,C E笙ｭ E F F笙ｯ G A笙ｭ A B笙ｭ B
2045,11,C D笙ｭ E笙ｭ E F F笙ｯ G A笙ｭ A B笙ｭ B
2046,11,C D E笙ｭ E F F笙ｯ G A笙ｭ A B笙ｭ B
2047,12,C D笙ｭ D E笙ｭ E F F笙ｯ G A笙ｭ A B笙ｭ B
